N_effort,Enquiry,Interface,File,Input,AFP,Added,Duration,PDR_AFP,Output,Effort
0.454740428214182,2.6434326229654794,-0.2852599292446399,0.1750237957074958,1.2491520698132208,1.0397243108900454,1.3771181591017974,-0.6429749173506781,-0.5846556745973553,0.6622805336657984,7490
-0.0180688573715154,-0.5564260029855569,0.1973442957132768,0.4844589212810611,-0.3254046834001493,-0.2143990692429562,-0.3731614289123672,1.1282163386915531,0.3497295508298051,-0.4958151570327869,4150
-0.510979615577922,-0.3190477666390408,0.12671928718285,-0.2343826781282981,-0.2924727774505886,-0.3164678899320023,-0.2380605923461463,0.0382524888194108,-0.6094623619980764,-0.3646246295708377,668
-0.0533172142909281,-0.5089503557162537,-0.2852599292446399,-0.2486642993086165,-0.0331340180977982,-0.22195972262733,-0.3514487944642245,-0.6429749173506781,0.0851248852221137,-0.3872436860297945,3238
-0.0949357561957769,1.2571437227018256,-0.2852599292446399,-0.3391145667839664,-0.1525121771649557,-0.1841564557054611,-0.4346805598487713,0.5832344137554819,-0.1215975097838952,-0.5139104021999523,2994
-0.3781966485481663,-0.3570282844544834,-0.2852599292446399,-0.4343253746527557,-0.2142595008203819,-0.3816785253722262,-0.4346805598487713,-0.6429749173506781,0.3579984466300456,-0.5139104021999523,1333
-0.3314819586549687,-0.366523413908344,-0.2852599292446399,-0.2915091628495717,-0.2945310215724361,-0.3854588520644131,-0.4346805598487713,-0.3704839548826426,0.7052920702401406,-0.5139104021999523,1607
-0.4416153790698407,-0.5184454851701144,-0.2264057554692841,-0.4343253746527557,-0.3439288804967771,-0.3684473819495721,-0.2899296635278204,-0.2342384736486248,0.0107048230199504,-0.0253387826864865,1158
-0.3934850925132128,-0.0341938830232215,-0.049843234143217,-0.3676778091446032,-0.3439288804967771,-0.3504908301616843,-0.3369737048321294,-0.3704839548826426,-0.0885219265829339,-0.4098627424887512,1243
-0.0303845483433584,-0.5849113913471388,-0.2852599292446399,-0.4343253746527557,-0.263657359744723,-0.4109760572366747,-0.4346805598487713,-0.2342384736486248,4.384950701347099,-0.4822437231574128,3372
0.8383671240037748,-0.3570282844544834,-0.1086974079185727,-0.03920052199728,0.0862441409693592,-0.0206573262683779,0.1201978760482071,0.0382524888194108,0.8375944030439861,0.0696612544411317,10200
-0.3149194776928349,-0.4329893200853685,-0.2852599292446399,-0.4010015918986794,-0.2780650685976558,-0.3967998321409738,-0.4045241231152399,-0.2342384736486248,1.1270057560523987,-0.4912913457409955,1704
-0.1760494450103292,-0.0436890124770822,0.209115130468348,-0.4343253746527557,-0.3439288804967771,-0.2720490512988063,-0.1765414614097422,-0.2342384736486248,0.1264693642233155,0.0063278963560528,2640
-0.1315997097786199,-0.0721744008386641,-0.2028640859591418,-0.2439037589151771,-0.3171717069127591,-0.293785929778881,-0.23202930499944,2.3544256697977133,0.5977964248370159,-0.2696245924432194,3348
-0.4903119042918407,0.1841940944155731,-0.2852599292446399,-0.3153118648167691,0.0841858968475116,-0.0905933700738355,-0.3888427760138035,-0.2342384736486248,-0.8327225486045662,-0.3962913086133772,676
-0.4765806166565674,0.374096683492786,-0.1675515816939284,-0.2343826781282981,-0.2101430125766868,-0.211563824223816,-0.22237924524471,-0.7792203985846959,-0.6838824242002396,-0.3103388940693415,911
-0.2522085455028757,-0.5564260029855569,-0.1086974079185727,-0.4010015918986794,-0.3192299510346066,-0.4204268739671419,-0.3719551714430259,-0.3159857623890354,3.9384303281341206,-0.446053232823082,2496
-0.4397751034073814,-0.4329893200853685,-0.2264057554692841,-0.1344113298660693,-0.1422209565557179,-0.2805547863562269,-0.2416793647541701,0.1744979700534286,-0.4606222375937499,-0.4234341763641253,1171
-0.1055527311715037,-0.4139990611776472,-0.2852599292446399,-0.1582140318332667,-0.1278132477027851,-0.2285752943386571,-0.4117616679312874,0.5832344137554819,0.2174272180259594,-0.3872436860297945,3532
-0.5312226478649744,-0.1861159542849918,-0.2852599292446399,-0.4343253746527557,-0.2862980450850459,-0.3873490154105066,-0.4346805598487713,-1.0517113610527316,-0.5019667165949517,-0.5139104021999523,436
-0.4505336380494512,0.108233058784688,-0.2852599292446399,-0.4343253746527557,0.2282629853768396,-0.1246163103035175,-0.4346805598487713,-0.6429749173506781,-0.7583024864024029,-0.5139104021999523,909
0.9455277914254432,0.3361161656773434,-0.2852599292446399,-0.4343253746527557,3.926927672336873,2.522557455900354,-0.4009053507072161,-0.3704839548826426,-0.7334957990016817,1.861090525990506,9094
-0.5568449474730616,-0.5849113913471388,-0.2852599292446399,-0.3153118648167691,-0.3439288804967771,-0.416646547274955,-0.4009053507072161,-0.3704839548826426,-0.3531265921906253,-0.3872436860297945,344
-0.5636398114575267,-0.4424844495392291,-0.2264057554692841,-0.4010015918986794,-0.3151134627909115,-0.4071957305444877,-0.3707489139736846,-0.7792203985846959,-0.5350422997959132,-0.4596246666984561,296
-0.0081596807275037,-0.4709698379008111,-0.2852599292446399,-0.3676778091446032,-0.2101430125766868,-0.3599416468921516,-0.3924615484218273,0.5832344137554819,1.755441836870666,-0.4958151570327869,3503
-0.5636398114575267,-0.499455226262393,-0.2852599292446399,-0.4010015918986794,-0.2801233127195033,-0.3930195054487869,-0.3972865782991923,-1.0517113610527316,-0.6838824242002396,-0.3872436860297945,246
-0.3108142473688873,-0.5849113913471388,0.2444276347335614,0.0655313666583881,-0.2389584302825524,-0.1709253122828069,-0.0655657742303465,2.081934707329677,-0.4110088627923078,-0.0389102165618606,2082
-0.5785035764235441,-0.3760185433622047,-0.1204682426736439,-0.1391718702595088,-0.2039682802111442,-0.2295203760117038,-0.1403537373295045,-0.2342384736486248,-0.9071426108067292,-0.161053121440227,191
-0.0983331881880095,-0.5564260029855569,-0.2852599292446399,-0.2248615973414192,-0.3007057539379787,-0.3675023002765254,-0.2971672083438679,0.8557253762235175,1.5321816502641763,-0.3058150827775502,2974
-0.5496254044895674,-0.0057084946616396,-0.2852599292446399,0.0750524474452671,-0.1381044683120229,-0.1472982704566389,-0.0583282294142989,-0.9154658798187136,-0.8906048192062486,-0.3148627053611329,328
-0.5480682481597942,-0.2146013426465737,-0.2852599292446399,-0.1867772741939035,-0.3109969745472165,-0.3646670552573852,-0.2995797232825505,-0.0979929924146069,-0.6425379451990378,-0.4912913457409955,406
-0.3010466303912187,-0.5849113913471388,0.621094346895838,-0.386719970718361,-0.3254046834001493,-0.2786646230101334,-0.1958415809192023,-0.0979929924146069,-0.2042864677862988,-0.0524816504372346,1785
-0.5388668698474977,-0.5849113913471388,-0.1675515816939284,-0.3676778091446032,-0.263657359744723,-0.4034154038523009,-0.3876365185444623,-0.0979929924146069,-0.3200510089896638,-0.4958151570327869,471
-0.5064497062549453,-0.2715721193697376,-0.2852599292446399,-0.1629745722267061,-0.191618815480059,-0.2900056030866941,-0.2501231670395589,-0.5067294361166603,-0.6508068409992782,-0.432481798947708,700
-0.5067328255876313,-0.5184454851701144,-0.2852599292446399,-0.4343253746527557,-0.2554243832573328,-0.3486006668155909,-0.3888427760138035,-0.9154658798187136,-0.5681178829968746,-0.1927198004827665,579
-0.3990059195005907,-0.5469308735316962,-0.2852599292446399,-0.3629172687511637,-0.2554243832573328,-0.3911293421026934,-0.4274430150327237,-0.7792203985846959,0.3993429256312474,-0.4686722892820388,1211
-0.4113216104724337,-0.3285428960929015,-0.2852599292446399,-0.2201010569479797,-0.2142595008203819,-0.3249736249894228,-0.4177929552779937,-0.6429749173506781,-0.3117821131894235,-0.5139104021999523,1139
1.757089358569995,1.6559391597639723,-0.2852599292446399,0.6844016178055187,1.109191469527588,1.6096085597372194,1.7667393216990237,1.4007073011595887,-0.4275466543927885,2.4175193148808423,14520
-0.5717087124390791,-0.5849113913471388,-0.2852599292446399,-0.4343253746527557,-0.3439288804967771,-0.4516145691776838,-0.428649272502065,-0.9154658798187136,1.2262325056552832,-0.4686722892820388,239
-0.3903707798536663,-0.5564260029855569,-0.2852599292446399,-0.386719970718361,-0.3007057539379787,-0.2682687246066194,-0.1922228085111785,-0.5067294361166603,-0.4606222375937499,0.241566083529203,1262
-0.3572458179293989,-0.499455226262393,-0.049843234143217,-0.3010302436364507,-0.2122012566985344,-0.3070170732015351,-0.2452981371621939,-0.0979929924146069,-0.0802530307826934,-0.3510531956954637,1754
-0.3473366412853872,-0.3095526371851801,-0.2852599292446399,-0.0963270067185536,-0.2204342331859246,-0.2871703580675539,-0.2163479578980037,-0.3704839548826426,-0.2869754257887024,-0.4189103650723339,1514
-0.4917275009552709,-0.5849113913471388,-0.2852599292446399,-0.4343253746527557,-0.2698320921102656,-0.4043604855253476,-0.4274430150327237,-0.0979929924146069,-0.0389085517814916,-0.4189103650723339,667
0.2245644107404263,0.3551064245850647,-0.1675515816939284,-0.0011161988497643,0.0636034556290362,-0.0707466549398543,0.0622975175198267,1.5369527823936064,0.2008894264254786,-0.4505770441148733,5864
-0.4396335437410384,-0.2715721193697376,-0.2852599292446399,-0.0677637643579168,0.0636034556290362,-0.1312318820148446,-0.4226179851553587,-0.7792203985846959,-0.7417646948019221,-0.4505770441148733,973
0.149396227912281,0.0417671526076635,2.304323716871011,2.912334521935189,0.7963383630067614,1.9299912469000584,2.0453847971168537,0.5832344137554819,-0.7996469654036047,1.8068047904890097,5333
-0.3542730649361954,-0.0436890124770822,0.0678651134074943,-0.4343253746527557,-0.2862980450850459,-0.2238498859734234,-0.2368543348768051,-0.0979929924146069,-0.3862021753915867,-0.0977197633551481,1775
-0.5707177947746779,-0.5849113913471388,-0.2264057554692841,-0.4343253746527557,-0.3439288804967771,-0.2654334795874793,-0.3140548129146456,-0.5067294361166603,-0.8906048192062486,0.3863280448665261,204
-0.0686056582559746,0.3930869424005073,-0.2852599292446399,0.1988264976746932,0.0347880379231706,0.1229950880347239,0.0200785060928827,-0.2342384736486248,-0.551580091396394,0.1013279334836711,3148
0.8809765835730247,-0.4899600968085323,0.5622401731204822,-0.3533961879642848,-0.3439288804967771,-0.2966211747980211,-0.2211729877753687,0.4469889325214641,3.1942297061124885,-0.161053121440227,8716
-0.3982981211688756,-0.3285428960929015,-0.2852599292446399,-0.2581853800954954,-0.2513078950136377,-0.1898269457437414,-0.1150223304733381,-0.3704839548826426,-0.551580091396394,0.1918041593194981,1464
-0.3739498585578756,-0.5279406146239749,-0.2264057554692841,-0.386719970718361,-0.3171717069127591,-0.4109760572366747,-0.4105554104619461,-0.9154658798187136,1.1848880266540815,-0.4370056102394993,1358
-0.5657632064526721,-0.5849113913471388,0.0090109396321386,-0.4343253746527557,-0.3315794157656919,-0.4175916289480017,-0.3635113691576371,-0.2342384736486248,-0.4606222375937499,-0.3872436860297945,281
-0.2097406455999687,-0.129145177561828,-0.2852599292446399,-0.3629172687511637,-0.2821815568413509,-0.361831810238245,-0.4346805598487713,-0.5067294361166603,0.8706699862449478,-0.4822437231574128,2321
0.0858359377242636,0.4025820718543679,-0.2852599292446399,0.1274183917731012,0.1377002440155477,-0.0206573262683779,0.0852164094373106,0.5832344137554819,-0.253899842587741,-0.3148627053611329,4054
-0.2657982734718059,4.077197170498437,3.245990497276702,2.031634549148888,1.4302775525358045,1.5670798844501168,2.2600986266595977,10.256663581370743,-0.8823359234060083,-0.2289102908170973,2400
0.1942706421430193,-0.2146013426465737,-0.0851557384084304,-0.0011161988497643,-0.3027639980598263,-0.1926621907628816,-0.0824533788011241,0.5832344137554819,0.6804853828394195,0.0515660092739663,5650
-0.345496365622928,-0.5849113913471388,-0.2264057554692841,-0.3533961879642848,-0.3439288804967771,-0.3571064018730114,-0.3779864587897322,-0.9154658798187136,0.184351634824998,-0.1339102536894789,1525
-0.5241446645478233,0.0987379293308274,0.1855734609582057,-0.3153118648167691,-0.3439288804967771,-0.3089072365476286,-0.3454175071175183,-0.9154658798187136,-0.7252269032014415,-0.4189103650723339,477
-0.5197563148911895,-0.5849113913471388,-0.2852599292446399,-0.4343253746527557,-0.3439288804967771,-0.3986899954870672,-0.3695426565043434,-0.9154658798187136,-0.3365888005901445,-0.2243864795253059,503
0.8390749223354899,0.3266210362234827,-0.2852599292446399,-0.0915664663251141,-0.0146098210011703,-0.1142204119000035,-0.1210536178200443,0.1744979700534286,0.9368211526468708,-0.3917674973215858,8470
-0.4729000653316488,-0.5564260029855569,-0.2852599292446399,-0.3010302436364507,-0.3068804863035214,-0.4005801588331607,-0.4153804403393112,-0.7792203985846959,0.0437804062209119,-0.4686722892820388,778
-0.2379110192022303,-0.0246987535693609,0.0678651134074943,0.2940373055434825,-0.0845901211439868,-0.1680900672636668,0.0249035359702477,-0.1661157330316159,-0.278706529988462,-0.4551008554066647,2597
-0.4710597896691895,0.5260187547545563,-0.2852599292446399,0.2654740631828457,-0.0619494358036638,0.1163795163233968,0.2589174850224517,-0.7792203985846959,-0.8409914444048064,0.2732327625717424,950
0.2051707364514321,0.2981356478619009,-0.2852599292446399,0.1321789321665407,-0.0043186003919326,0.0710155960171541,0.1708606897605399,0.5832344137554819,-0.1298664055841356,0.0515660092739663,5727
-0.2575878128239106,-0.2146013426465737,0.1973442957132768,-0.4010015918986794,-0.3007057539379787,-0.3126875632398154,-0.2585669693249477,-0.6429749173506781,0.1099315726228347,-0.342005573111881,2040
0.021567849204531,-0.4045039317237866,-0.2852599292446399,-0.3343540263905269,-0.2821815568413509,-0.3892391787566,-0.386430261075121,-0.0979929924146069,3.0784651649091237,-0.4912913457409955,3677
-0.5082899819174046,-0.5849113913471388,-0.2852599292446399,-0.3343540263905269,-0.2574826273791804,-0.3315891967007499,-0.4346805598487713,-0.9154658798187136,-0.6260001535985571,-0.2243864795253059,570
0.0357238158388333,-0.5849113913471388,0.1855734609582057,-0.386719970718361,-0.3171717069127591,-0.3693924636226188,-0.2911359209971617,-0.0979929924146069,0.0768559894218732,-0.2605769698596367,1223
-0.4520907943792244,-0.499455226262393,-0.2852599292446399,-0.3343540263905269,-0.2945310215724361,-0.3864039337374598,-0.3405924772401532,-0.6429749173506781,0.0603181978213926,-0.4053389311969599,976
-0.5395746681792127,-0.4519795789930898,-0.2852599292446399,-0.4343253746527557,-0.2574826273791804,-0.4119211389097214,-0.4105554104619461,0.4469889325214641,-0.344857696390385,-0.5139104021999523,387
0.1475559522498216,1.0292606158091704,-0.0380723993881459,2.750476148558247,0.3888060268809479,0.5719088827319174,1.1334541502948632,0.5832344137554819,-0.6425379451990378,-0.1339102536894789,4416
-0.5567033878067186,-0.2810672488235983,-0.1204682426736439,-0.2677064608823744,-0.2574826273791804,-0.3334793600468433,-0.2730420589570428,-0.0979929924146069,-0.7996469654036047,-0.4641484779902474,286
-0.553589075147172,-0.5849113913471388,-0.2852599292446399,-0.2629459204889349,-0.2945310215724361,-0.3892391787566,-0.4346805598487713,-0.5067294361166603,-0.6342690493987975,-0.4731961005738301,305
-0.583599724411893,-0.5849113913471388,-0.2852599292446399,-0.2296221377348586,-0.3068804863035214,-0.3769531170069926,-0.391255290952486,-0.2342384736486248,-0.8492603402050468,-0.4234341763641253,129
-0.0016479360757247,6.745328547033276,-0.2264057554692841,0.7129648601661555,1.8398681327834652,2.458291902133177,0.2215235034728727,-0.0979929924146069,-0.8575292360052872,4.050615191217519,4266
-0.5432552195041314,-0.5849113913471388,-0.1086974079185727,-0.3676778091446032,-0.2924727774505886,-0.382623607045273,-0.3140548129146456,-0.7792203985846959,-0.5267734039956729,-0.3058150827775502,440
-0.412737207135864,-0.5849113913471388,-0.2852599292446399,-0.4010015918986794,-0.2821815568413509,-0.3561613201999647,-0.4129679254006287,-0.9154658798187136,0.0520493020211522,-0.2153388569417232,1362
-0.2469708378481838,-0.5849113913471388,-0.1675515816939284,0.0988551494124644,-0.0290175298541031,-0.1690351489367135,-0.1500037970842345,-0.3704839548826426,-0.2952443215889428,-0.1384340649812703,2533
-0.5736905477678813,-0.5564260029855569,-0.2852599292446399,-0.1391718702595088,-0.1895605713582114,-0.3249736249894228,-0.227204275122075,0.1744979700534286,-0.8409914444048064,-0.3691484408626291,225
0.9579850420636292,0.8868336740012607,-0.2852599292446399,-0.2819880820626928,0.2570784030827052,0.3205171577014891,0.0429973980103666,0.5832344137554819,0.1347382600235558,0.9608520789240276,11045
4.031953196702377,2.434539774980545,1.386198605975462,0.5558670271826531,0.6522612744774334,2.8098622845065577,2.8897650256557346,2.081934707329677,-0.1877486761858181,7.769188073070008,32760
-0.2551812984960792,-0.5849113913471388,-0.2264057554692841,-0.3010302436364507,-0.313055218669064,-0.3911293421026934,-0.3381799623014707,-0.0979929924146069,1.3502659426588886,-0.3691484408626291,2054
-0.5698684367766197,-0.5849113913471388,-0.2852599292446399,-0.4010015918986794,-0.335695904009387,-0.399635077160114,-0.4214117276860175,-0.2342384736486248,-0.6508068409992782,-0.2605769698596367,252
-0.2711775407928408,0.4880382369391137,-0.1675515816939284,0.8653021527562184,-0.0928230976313769,0.0095852872691171,0.1129603312321595,-0.0979929924146069,-0.576386778797115,-0.3872436860297945,2362
-0.1861001813206839,-0.2430867310081557,-0.2852599292446399,-0.0725243047513563,0.0697781879945788,-0.187936782397648,-0.3152610703839868,-0.5067294361166603,-0.2704376341882217,-0.5139104021999523,2459
0.6268769824872982,0.7444067321933511,0.5033859993451266,-0.0011161988497643,-0.0681241681692064,0.0067500422499769,0.1612106300058098,1.6731982636276244,0.482031883633651,-0.2334341021088886,8706
-0.4965405296109337,-0.5849113913471388,-0.2852599292446399,-0.4343253746527557,-0.2204342331859246,-0.3372596867390302,-0.4177929552779937,-0.3704839548826426,-0.485428924994471,-0.2198626682335145,770
0.5426489810131994,-0.5279406146239749,0.9389068852827588,-0.2962697032430112,-0.2471914067699426,-0.2673236429335727,-0.1584475993696233,3.716880482137892,2.3177267512870103,-0.3193865166529243,8111
-0.4976730069416779,-0.5849113913471388,-0.2852599292446399,-0.4343253746527557,-0.3192299510346066,-0.44405391579331,-0.4141741828699699,0.3107434512874463,2.731171541299028,-0.4912913457409955,762
-0.5823256874148057,-0.5849113913471388,-0.2264057554692841,-0.2867486224561323,-0.3233464392783017,-0.4034154038523009,-0.349036279525542,-1.0517113610527316,-0.7831091738031238,-0.4008151199051685,136
-0.5445292565012185,-0.2430867310081557,-0.2852599292446399,-0.386719970718361,-0.3439288804967771,-0.3911293421026934,-0.3671301415656609,-1.0517113610527316,-0.5681178829968746,-0.4234341763641253,358
-0.5234368662161081,-0.3475331550006227,0.53869850361034,-0.3010302436364507,-0.2780650685976558,-0.300401501490208,-0.2308230475300988,-0.3704839548826426,-0.7417646948019221,-0.4505770441148733,481
-0.0616692346051665,1.9882686906490952,-0.049843234143217,0.6082329715104873,0.4361456416834414,0.8166850360510187,0.9802594516885236,-0.0979929924146069,-0.7748402780028836,1.5172808678143634,3189
2.57955102002296,2.292112833172636,-0.2852599292446399,1.646030777280291,1.4302775525358045,1.512265147413407,2.033322222423441,0.0382524888194108,-0.0802530307826934,1.4946618113554069,22500
1.1782518828933732,0.4310674602159498,0.2326567999784903,-0.2962697032430112,-0.195735303723754,-0.2210146409542833,-0.1307036775747744,0.5832344137554819,2.8552049783026336,-0.5139104021999523,11719
-0.5710009141073639,-0.4899600968085323,-0.2852599292446399,-0.2962697032430112,-0.2677738479884181,-0.3637219735843385,-0.311642297975963,-0.5067294361166603,-0.8244536528043257,-0.3962913086133772,183
-0.3527159086064221,-0.5849113913471388,-0.2852599292446399,-0.3629172687511637,-0.2430749185262475,-0.3514359118347311,-0.3707489139736846,-0.5067294361166603,0.093393781022354,-0.3374817618200896,1482
-0.4284503300999395,-0.3855136728160653,0.4209901560596286,-0.3629172687511637,-0.3068804863035214,-0.187936782397648,-0.072803319046394,0.3107434512874463,-0.6177312577983168,0.3275184980732386,1251
-0.4447296917293872,0.1462135766001306,-0.2852599292446399,-0.4343253746527557,-0.1298714918246327,-0.2720490512988063,-0.4346805598487713,-0.0979929924146069,-0.5846556745973553,-0.4822437231574128,943
-0.1477375117417246,-0.2715721193697376,-0.1675515816939284,-0.2010588953742219,-0.2430749185262475,-0.3060719915284884,-0.2477106521008764,0.3107434512874463,0.391074029831007,-0.4505770441148733,2684
-0.5023444759309976,-0.5849113913471388,-0.1086974079185727,-0.2010588953742219,-0.3007057539379787,-0.3684473819495721,-0.4153804403393112,0.0382524888194108,-0.3531265921906253,-0.3284341392365069,729
-0.0916798838698874,-0.4045039317237866,-0.1675515816939284,-0.0296794412104011,-0.1751528625052786,-0.0452294497675927,-0.3080235255679392,-0.2342384736486248,-0.2869754257887024,0.4903757045777272,3630
5.351289287019354,1.7698807132103005,0.6564068511610515,0.3130794671172404,3.811666001513411,2.4819189439593448,3.3203989422105638,2.081934707329677,-0.071984134982453,2.2410906745009798,34085
-0.1408010880909165,-0.0436890124770822,-0.049843234143217,-0.3200724052102085,-0.2718903362321132,-0.3155228082589556,-0.2621857417329715,-0.7792203985846959,0.5729897374362948,-0.4822437231574128,2856
0.3763163730601471,0.5734944020238595,-0.2852599292446399,-0.0582426835710379,0.3682235856624725,0.1730844167062002,-0.2585669693249477,-0.3704839548826426,-0.2621687383879814,-0.0751007068961914,5757
-0.5162173232326139,-0.5564260029855569,0.0678651134074943,-0.386719970718361,-0.3048222421816738,-0.338204768412077,-0.4346805598487713,0.8557253762235175,-0.5681178829968746,-0.0931959520633568,631
-0.2963751614018989,-0.4519795789930898,-0.2852599292446399,-0.4343253746527557,0.3229422149818266,-0.1491884338027323,-0.1861915211644723,-0.0979929924146069,-0.4275466543927885,-0.2062912343581405,2184
2.369193355837227,7.201094760818587,3.375469679582485,4.978409052687916,4.227431314126615,4.911723925362471,5.527850111105064,3.853125963371909,-0.667344632599759,1.5398999242733202,21014
-0.534478520190864,-0.3570282844544834,-0.2852599292446399,-0.3533961879642848,-0.2883562892068935,-0.4024703221792541,-0.3478300220562008,-0.6429749173506781,-0.4110088627923078,-0.4958151570327869,417
-0.2257368878967303,-0.100659789200246,0.7623443639566917,-0.2724670012758138,-0.2883562892068935,-0.2077834975316291,-0.3502425369948833,0.0382524888194108,-0.1464041971846163,0.0877564996082971,2683
0.3379537034811878,-0.0531841419309428,-0.2852599292446399,-0.0677637643579168,-0.1833858389926688,-0.2540924995109186,-0.1608601143083058,-0.6429749173506781,1.1270057560523987,-0.4415294215312906,5532
0.2156461517608158,-0.0531841419309428,0.6093235121407669,-0.1582140318332667,0.5987469273093974,0.4084097532948343,0.6316510430489002,-0.3704839548826426,-0.5433111955961535,0.5537090626628061,4815
-0.5636398114575267,-0.5279406146239749,-0.2852599292446399,-0.3676778091446032,-0.2883562892068935,-0.3977449138140205,-0.4009053507072161,-0.9154658798187136,-0.667344632599759,-0.4596246666984561,246
-0.4884716286293813,-0.4329893200853685,-0.2852599292446399,-0.4343253746527557,-0.2698320921102656,-0.4090858938905812,-0.4346805598487713,-1.0517113610527316,0.0768559894218732,-0.5139104021999523,686
-0.4823845629766314,-0.3285428960929015,-0.2852599292446399,-0.0582426835710379,-0.1628033977741934,-0.2285752943386571,-0.0740095765157353,0.5832344137554819,-0.8161847570040853,-0.0389102165618606,470
-0.5381590715157825,-0.5849113913471388,-0.2852599292446399,-0.4343253746527557,-0.2945310215724361,-0.4090858938905812,-0.4346805598487713,-0.9154658798187136,-0.369664383791106,-0.3872436860297945,395
-0.4298659267633698,-0.4424844495392291,-0.2852599292446399,-0.3343540263905269,-0.2615991156228754,-0.317412971605049,-0.3007859807518917,-0.7792203985846959,-0.3779332795913463,-0.2696245924432194,1080
-0.4079241784802012,-0.3285428960929015,-0.2852599292446399,-0.2962697032430112,-0.2513078950136377,-0.3627768919112918,-0.3080235255679392,-0.2342384736486248,0.1512760516240365,-0.4958151570327869,1396
-0.1903469713109746,-0.3285428960929015,-0.2852599292446399,-0.0725243047513563,-0.1483956889212606,-0.1765958023210873,-0.2682170290796778,0.1744979700534286,-0.162941988785097,-0.1429578762730616,2933
0.0386965688320368,0.3456112951312041,-0.2852599292446399,-0.3343540263905269,-0.0845901211439868,-0.2247949676464702,-0.3647176266269784,0.0382524888194108,0.5399141542353335,-0.4958151570327869,4551
-0.0940863981977188,-0.5849113913471388,-0.1675515816939284,-0.2962697032430112,-0.0228427974885605,-0.2484220094726383,-0.4274430150327237,-0.6429749173506781,0.1347382600235558,-0.4189103650723339,2999
-0.2459799201837827,1.2381534637941043,-0.2852599292446399,0.3178400075106798,0.1809233705743461,1.4149217350895944,1.5110127381986769,0.3107434512874463,-0.8657981318055274,4.046091379925728,2540
-0.6011531230384278,-0.5849113913471388,-0.2264057554692841,-0.4343253746527557,-0.313055218669064,-0.4053055671983943,-0.4346805598487713,-0.9154658798187136,-0.9402181940076908,-0.3465293844036723,26
-0.5290992528698291,-0.5564260029855569,-0.2852599292446399,-0.4343253746527557,-0.2410166744044,-0.4071957305444877,-0.4346805598487713,-0.9154658798187136,-0.3117821131894235,-0.5139104021999523,448
-0.4509583170484803,-0.1671256953772705,0.3032818085089171,-0.1486929510463877,-0.1566286654086507,-0.2295203760117038,-0.1246723902280681,-0.7792203985846959,-0.667344632599759,-0.4596246666984561,906
-0.5756723830966837,-0.5279406146239749,-0.2852599292446399,-0.4010015918986794,-0.3439288804967771,-0.4487793241585436,-0.4226179851553587,0.5832344137554819,0.482031883633651,-0.5139104021999523,211
-0.3614926079196896,-0.5849113913471388,0.4798443298349843,0.7653308044939896,0.4834852564859349,0.8781153447990557,0.0188722486235414,0.4469889325214641,-0.8740670276057679,1.4403760758539104,1724
-0.3477613202844163,-0.5849113913471388,0.12671928718285,-0.4010015918986794,-0.3377541481312345,-0.3967998321409738,-0.349036279525542,-0.5067294361166603,0.9781656316480724,-0.3962913086133772,1584
-0.5803438520860034,-0.2810672488235983,-0.2852599292446399,-0.3200724052102085,-0.2698320921102656,-0.3703375452956656,-0.4346805598487713,-0.2342384736486248,-0.8409914444048064,-0.5139104021999523,148
3.7404818437020926,5.482476329669811,1.2567194236696797,2.3267880535421344,0.969230869241955,1.78539375092391,2.2444172795581614,2.081934707329677,-0.0885219265829339,0.540137628787432,25482
-0.5088562205827767,-0.0436890124770822,-0.2852599292446399,-0.0011161988497643,0.1191760469189199,-0.0423942047484526,-0.3357674473627882,-0.5067294361166603,-0.8492603402050468,-0.0524816504372346,683
-0.1756247660113002,-0.4045039317237866,-0.2852599292446399,-0.3629172687511637,-0.3007057539379787,-0.3958547504679271,-0.4214117276860175,-0.6429749173506781,2.0944665646805207,-0.4596246666984561,2521
-0.1903469713109746,-0.1576305659234099,-0.1675515816939284,-0.2391432185217376,-0.1875023272363639,-0.2068384158585824,-0.1355287074521394,0.0382524888194108,-0.071984134982453,-0.0796245181879827,2933
-0.5213134712209627,-0.5849113913471388,-0.2852599292446399,-0.4343253746527557,-0.146337444799413,-0.3750629536608992,-0.3188798427920106,-0.9154658798187136,-0.5185045081954325,-0.5139104021999523,494
-0.5367434748523523,-0.5184454851701144,-0.2852599292446399,-0.3533961879642848,-0.2965892656942837,-0.3920744237757402,-0.3683363990350021,-0.2342384736486248,-0.4110088627923078,-0.4008151199051685,486
0.0958866740346182,-0.4139990611776472,-0.2852599292446399,0.5939513503301689,-0.1154637829716999,0.0171459406534909,0.1346729656803022,2.8994075947337845,-0.162941988785097,0.060613631857549,4955
0.2633517593184146,-0.0246987535693609,-0.2852599292446399,0.0655313666583881,-0.1134055388498524,-0.0348335513640788,-0.0052529007632836,-0.2342384736486248,0.1512760516240365,0.1420422351097933,6138
-0.358095175927457,-0.1481354364695493,-0.2852599292446399,-0.1629745722267061,-0.0784153887784441,-0.2427515194343579,-0.1572413419002821,0.1744979700534286,-0.4523533417935096,-0.342005573111881,1451
-0.5524565978164279,-0.5469308735316962,-0.2852599292446399,-0.2296221377348586,-0.1442792006775655,-0.2314105393577972,-0.4346805598487713,-0.9154658798187136,-0.8657981318055274,-0.161053121440227,311
-0.1885066956485153,-0.5279406146239749,-0.2852599292446399,-0.4343253746527557,-0.3007057539379787,-0.3599416468921516,-0.4262367575633825,-0.9154658798187136,0.9368211526468708,-0.1701007440238097,2445
-0.571991831771765,-0.5849113913471388,-0.2852599292446399,-0.4010015918986794,-0.3233464392783017,-0.4308227723706558,-0.4298555299714063,-0.3704839548826426,-0.344857696390385,-0.4505770441148733,237
-0.0802135508961025,0.4500577191236711,2.4220320644217224,0.3654454114450745,0.5246501389228858,0.6607465599983094,1.0550474147876816,0.0382524888194108,-0.7169580074012011,0.8703758530882005,3711
-0.1892144939802304,-0.5849113913471388,-0.2264057554692841,-0.4343253746527557,-0.2019100360892967,-0.2181793959351431,-0.1065785281879492,1.4007073011595887,-0.0223707601810109,0.3818042335747348,2941
-0.2615514834815152,-0.4424844495392291,0.0090109396321386,-0.2010588953742219,-0.2533661391354853,-0.2796097046831801,-0.2428856222235113,0.3107434512874463,0.0768559894218732,-0.2424817246924713,2430
-0.1736429306824978,-0.5279406146239749,-0.2852599292446399,-0.3010302436364507,-0.1339879800683278,-0.2588179078761522,-0.2103166705512974,0.1744979700534286,0.0107048230199504,-0.2289102908170973,2532
3.132766196091494,4.143663076675461,-0.2852599292446399,4.607086901999638,1.9160231652918245,3.851342288204047,4.309530067070394,0.8557253762235175,-0.4936978207947114,5.267520428709392,26408
-0.3933435328468698,-0.1671256953772705,-0.2852599292446399,-0.3533961879642848,-0.2533661391354853,-0.3268637883355163,-0.428649272502065,-0.9154658798187136,-0.2456309467875005,-0.3646246295708377,1244
-0.5097055785808349,-0.4234941906315079,-0.2264057554692841,-0.0011161988497643,-0.2965892656942837,-0.283390031375367,-0.1922228085111785,-0.3704839548826426,-0.7252269032014415,-0.2198626682335145,562
0.4108569316478447,0.0607574115153848,-0.1086974079185727,-0.4343253746527557,-0.2513078950136377,-0.3391498500851237,-0.2802796037730903,0.1744979700534286,1.1600813392533604,-0.5139104021999523,3303
-0.5060250272559162,-0.5849113913471388,0.2679693042437037,-0.2201010569479797,-0.1998517919674491,-0.2767744596640399,-0.3791927162590734,0.4469889325214641,-0.7583024864024029,-0.4415294215312906,499
-0.3113804860342594,0.5165236253006956,-0.2852599292446399,0.6605989158383213,0.248845426595315,0.3611556696424982,0.6919639165159631,-0.3704839548826426,-0.7748402780028836,0.8432329853374524,2078
-0.2088912876019106,-0.2715721193697376,-0.2852599292446399,-0.3295934859970875,-0.2389584302825524,-0.3419850951042639,-0.4105554104619461,-0.7792203985846959,0.5647208416360546,-0.4731961005738301,2326
-0.217526427248835,0.2601551300464583,-0.1675515816939284,-0.2153405165545402,0.1397584881373953,-0.0093163461918173,-0.227204275122075,-0.3704839548826426,-0.5019667165949517,0.0153755189396355,2741
-0.0007985780776665,-0.4899600968085323,-0.2852599292446399,-0.3200724052102085,1.1297739107460634,0.2175032553393962,-0.3731614289123672,-0.5067294361166603,-0.5681178829968746,-0.4551008554066647,3546
-0.5857231194070383,-0.5849113913471388,-0.2852599292446399,-0.4343253746527557,-0.3439288804967771,-0.4364932624089362,-0.4346805598487713,-0.7792203985846959,-0.5102356123951921,-0.3872436860297945,140
-0.406791701149457,-0.5564260029855569,-0.2852599292446399,-0.4343253746527557,-0.3254046834001493,-0.3911293421026934,-0.3466237645868595,-0.0979929924146069,0.6143342164374965,-0.2379579134006799,1404
-0.4471362060572186,-0.5849113913471388,0.209115130468348,-0.4343253746527557,-0.218375989064077,-0.3656121369304319,-0.4009053507072161,0.4469889325214641,-0.2042864677862988,-0.5139104021999523,929
-0.5307979688659453,-0.4424844495392291,-0.2852599292446399,-0.3533961879642848,-0.1319297359464802,-0.2021130074933488,-0.0510906845982514,-0.5067294361166603,-0.8161847570040853,0.3139470641978646,528
-0.0749758432414107,0.3076307773157615,-0.2852599292446399,0.5320643252154558,-0.1216385153372425,0.0946426378433222,0.1973983540860475,0.8557253762235175,-0.4440844459932692,0.0244231415232182,3748
0.0881008923857519,-0.1956110837388525,-0.2852599292446399,0.5320643252154558,1.549655711602962,0.897962059933037,1.1551667847430058,1.2644618199255708,-0.69215132000048,0.1827565367359154,4900
-0.3432314109614396,-0.5564260029855569,-0.2028640859591418,-0.4343253746527557,-0.3377541481312345,-0.3684473819495721,-0.3044047531599155,0.4469889325214641,0.6060653206372564,-0.057005461729026,1853
-0.1352802611035385,-0.5279406146239749,-0.2264057554692841,-0.2010588953742219,-0.1175220270935474,-0.2484220094726383,-0.1994603533272261,0.5832344137554819,0.093393781022354,-0.4008151199051685,2890
-0.4532232717099686,-0.499455226262393,-0.1086974079185727,-0.0677637643579168,0.0018561319736099,-0.1567490871871061,-0.0547094570062752,0.3107434512874463,-0.69215132000048,-0.3058150827775502,1076
-0.1984158722925269,-0.4045039317237866,-0.1675515816939284,-0.1534534914398272,-0.3315794157656919,-0.3665572186034787,-0.3164673278533281,-0.6429749173506781,1.0195101106492743,-0.4958151570327869,2387
-0.3350209503135443,-0.0721744008386641,-0.2028640859591418,0.084573528232146,0.0244968173139329,-0.0669663282476674,-0.0510906845982514,-0.3704839548826426,-0.6590757367995186,-0.3329579505282983,1586
-0.4355283134170907,-0.5469308735316962,-0.2264057554692841,-0.3676778091446032,-0.3007057539379787,-0.3930195054487869,-0.4045241231152399,-0.6429749173506781,0.184351634824998,-0.4189103650723339,997
-0.5755308234303407,-0.4709698379008111,-0.2852599292446399,-0.4343253746527557,-0.2204342331859246,-0.3467105034694975,-0.4202054702166762,-0.5067294361166603,-0.8244536528043257,-0.2967674601939675,212
-0.4246282191086779,-0.5564260029855569,0.0678651134074943,-0.0344399816038406,-0.195735303723754,-0.2588179078761522,-0.2754545738957253,0.4469889325214641,-0.4771600291942307,-0.3193865166529243,1278
0.3938697716866819,1.5325024768637845,-0.2852599292446399,1.465130242329591,0.9424736956579368,1.0841431495232414,1.5363441450548432,0.4469889325214641,-0.6177312577983168,1.2368045677232995,7060
-0.5061665869222592,-0.129145177561828,-0.2852599292446399,-0.4010015918986794,0.0347880379231706,-0.2002228441472553,-0.4262367575633825,0.0382524888194108,-0.7583024864024029,-0.4641484779902474,702
-0.4777130939873116,0.1272233176924093,-0.2852599292446399,0.1131367705927828,0.0718364321164264,-0.027272897979705,0.1177853611095245,0.9919708574575352,-0.8079158612038451,-0.2153388569417232,903
0.5483113676669202,-0.1671256953772705,-0.1675515816939284,-0.4343253746527557,-0.2862980450850459,-0.2540924995109186,-0.3249111301387168,-0.0979929924146069,1.590063920865859,0.0198993302314269,6765
0.55906990230899,-0.5184454851701144,1.1507819108740394,-0.0677637643579168,-0.1236967594590901,0.0105303689421638,0.1021040140080882,1.4007073011595887,0.391074029831007,0.0832326883165057,8227
-0.5486344868251662,-0.5849113913471388,-0.2852599292446399,-0.3676778091446032,-0.2327836979170098,-0.3249736249894228,-0.4214117276860175,-0.6429749173506781,-0.7831091738031238,-0.2198626682335145,334
-0.016087022042713,1.333104758332711,-0.049843234143217,0.6939226985923975,-0.0084350886356277,0.2222286637046298,0.3156115860814908,0.0382524888194108,-0.4936978207947114,-0.5139104021999523,4164
0.3632928837565889,-0.4709698379008111,-0.2852599292446399,-0.2581853800954954,-0.2883562892068935,-0.2370810293960775,-0.1114035580653143,0.8557253762235175,1.4246860048610517,0.3546613658239867,6844
-0.3704108668993001,-0.4139990611776472,0.3621359822842728,-0.1391718702595088,-0.263657359744723,-0.2342457843769374,-0.1403537373295045,0.1744979700534286,-0.4027399669920674,-0.1972436117745578,1661
0.253442582674403,1.485026829594481,-0.2852599292446399,1.669833479247488,1.1194826901368256,1.3185234044388288,1.9295840800600927,0.1744979700534286,-0.7086891116009608,2.150614448665152,6068
0.3172859921951064,-0.5849113913471388,0.1502609566929923,-0.1058480875054325,0.0430210144105608,-0.1851015373785078,-0.0450593972515451,0.7194798949894997,0.7466365492413424,-0.3827198747380032,6063
-0.5114042945769511,-0.0057084946616396,-0.2852599292446399,-0.1201297086857509,-0.0887066093876818,-0.150133515475779,-0.0462656547208864,0.5832344137554819,-0.8079158612038451,-0.1927198004827665,665
-0.528533014204457,-0.1101549186541067,-0.2852599292446399,-0.0344399816038406,-0.0845901211439868,-0.2106187425507693,-0.1126098155346555,-0.3704839548826426,-0.7996469654036047,-0.4822437231574128,544
-0.4791286906507419,-0.0816695302925248,0.0678651134074943,-0.0011161988497643,-0.2327836979170098,-0.204948252512489,-0.1089910431266318,-0.3704839548826426,-0.7004202158007203,-0.3239103279447156,893
-0.5557124701423174,-0.4709698379008111,-0.1675515816939284,-0.4343253746527557,-0.3439288804967771,-0.4298776906976091,-0.3996990932378748,-0.8473431392017048,-0.0637152391822127,-0.4822437231574128,352
-0.132165948443992,-0.5184454851701144,2.6927612637883587,2.331548593935574,0.3826312945154053,0.8459825679154672,1.301123938533298,-0.0979929924146069,-0.7748402780028836,0.5944233642889282,3344
-0.5366019151860093,-0.4045039317237866,-0.2852599292446399,-0.3010302436364507,-0.2513078950136377,-0.3675023002765254,-0.3212923577306931,-1.0517113610527316,-0.6342690493987975,-0.4912913457409955,404
0.2058785347831472,-0.5849113913471388,1.4215111102406757,-0.1201297086857509,-0.3377541481312345,-0.1869917007246012,-0.0559157144756164,-0.0979929924146069,0.6639475912389389,-0.0615292730208173,5732
3.123847937111884,0.7823872500087936,0.4209901560596286,0.5987118907236083,0.271486111935638,0.5407211875213755,0.7160890659027882,1.1282163386915531,0.8127877156432654,0.5446614400792233,22920
0.999178904969449,1.2096680754325224,-0.2852599292446399,0.3464032498713166,0.3373499238347594,0.2241188270507233,0.2046358989020951,0.0382524888194108,0.1016626768225944,-0.4596246666984561,9409
-0.5651969677872999,-0.5849113913471388,-0.2852599292446399,-0.3533961879642848,-0.3233464392783017,-0.4223170373132353,-0.3755739438510497,-0.6429749173506781,-0.3862021753915867,-0.4143865537805425,285
-0.3849915125326315,-0.3570282844544834,-0.2852599292446399,-0.4010015918986794,-0.195735303723754,-0.3391498500851237,-0.4298555299714063,-0.7792203985846959,-0.138135301384376,-0.432481798947708,1293
1.5412108673968845,0.8013775089165149,-0.1086974079185727,1.5793832117721385,0.1685739058432609,0.7193416237272063,0.8861713690799056,0.4469889325214641,0.0355115104206714,0.6713281562493811,15165
-0.0449651939766898,0.0512622820615241,-0.2028640859591418,-0.0058767392432038,-0.119580271215395,-0.0943736967660223,0.0369661106636603,1.1282163386915531,-0.2704376341882217,0.0198993302314269,3287
-0.4753065796594802,-0.5849113913471388,-0.2264057554692841,-0.4343253746527557,-0.3439288804967771,-0.3911293421026934,-0.4117616679312874,-0.7792203985846959,-0.1050597181834145,-0.2198626682335145,764
-0.2313992745504513,0.0607574115153848,-0.2852599292446399,-0.2105799761611008,-0.2986475098161312,-0.317412971605049,-0.396080320829851,-0.7792203985846959,0.2256961138261997,-0.5139104021999523,2194
-0.2619761624805443,-0.5849113913471388,0.1502609566929923,0.4987405424613795,-0.2451331626480951,-0.0206573262683779,0.0996914990694057,-0.6429749173506781,-0.6177312577983168,0.2189470270702462,2014
-0.4645480450174105,-0.499455226262393,-0.2852599292446399,-0.3200724052102085,-0.2842398009631984,-0.4005801588331607,-0.3598925967496134,-0.6429749173506781,0.1099315726228347,-0.5139104021999523,827
-0.2505098295067594,-0.4045039317237866,-0.2852599292446399,-0.3010302436364507,-0.1628033977741934,-0.2465318461265448,-0.3237048726693756,0.1744979700534286,-0.0554463433819724,-0.1972436117745578,2508
-0.5770879797601138,-0.3190477666390408,-0.2852599292446399,-0.4343253746527557,-0.1875023272363639,-0.3514359118347311,-0.4226179851553587,-0.9835886204357226,-0.8327225486045662,-0.4641484779902474,201
-0.5258433805439395,-0.5564260029855569,-0.2852599292446399,-0.3010302436364507,-0.263657359744723,-0.2814998680292735,-0.4346805598487713,0.8557253762235175,-0.7252269032014415,-0.0072435375193211,563
-0.5145186072364977,-0.5279406146239749,-0.2852599292446399,-0.4343253746527557,-0.2369001861607049,-0.4081408122175345,-0.3647176266269784,0.3107434512874463,-0.1712108845853374,-0.5139104021999523,534
-0.4283087704335965,-0.5849113913471388,-0.2852599292446399,-0.3200724052102085,-0.3192299510346066,-0.3797883620261328,-0.4202054702166762,-0.6429749173506781,0.0355115104206714,-0.3148627053611329,1039
6.779909439753143,-0.5564260029855569,4.858594858721449,1.874536716165385,0.1068265821878346,1.5651897211040235,1.7377891424348333,-0.2342384736486248,0.6970231744399001,2.458233616506964,43303
-0.1620350380423699,-0.499455226262393,0.0090109396321386,-0.1724956530135851,0.028613305557628,0.0313221657491917,0.0840101519679693,-0.0979929924146069,-0.4771600291942307,0.2098994044866635,3133
-0.3125129633650036,-0.4329893200853685,-0.2852599292446399,-0.3057907840298901,-0.2924727774505886,-0.3533260751808245,-0.3888427760138035,-0.7792203985846959,0.3414606550295648,-0.3601008182790464,1801
-0.1553817337242478,-0.3380380255467621,-0.2852599292446399,0.1988264976746932,-0.168978130139736,-0.2106187425507693,-0.2452981371621939,-0.3704839548826426,-0.1464041971846163,-0.4370056102394993,2639
-0.2714606601255269,-0.4139990611776472,0.0678651134074943,0.0988551494124644,-0.0104933327574752,-0.1302868003417978,-0.0221405053340612,-0.6429749173506781,-0.4110088627923078,-0.4053389311969599,2360
-0.1954431192993234,-0.5849113913471388,1.2567194236696797,-0.3533961879642848,-0.1628033977741934,-0.2436966011074046,-0.1439725097375283,-0.5067294361166603,-0.0637152391822127,-0.4912913457409955,2520
-0.3524327892737361,-0.5469308735316962,-0.2028640859591418,-0.2915091628495717,-0.1628033977741934,-0.2975662564710679,-0.2308230475300988,-0.5067294361166603,-0.1133286139836548,-0.3329579505282983,1788
-0.4302906057623988,-0.0816695302925248,0.0796359481625654,-0.0820453855382352,-0.1216385153372425,-0.1548589238410126,-0.0450593972515451,0.5832344137554819,-0.6590757367995186,-0.2560531585678454,1238
-0.5429721001714453,-0.4234941906315079,0.0678651134074943,-0.4010015918986794,-0.313055218669064,-0.3760080353339459,-0.4057303805845811,-0.6429749173506781,-0.5598489871966342,-0.3872436860297945,442
-0.0758252012394688,0.9438044507244244,-0.0851557384084304,0.1988264976746932,-0.1113472947280048,0.3696614046999187,0.5641006247657898,-0.5067294361166603,-0.6590757367995186,1.3137093596837528,3368
-0.5657632064526721,-0.100659789200246,-0.2852599292446399,-0.2343826781282981,-0.1772111066271262,-0.2522023361648252,-0.1644788867163296,-0.7792203985846959,-0.8657981318055274,-0.2877198376103848,281
-0.4883300689630384,-0.3950088022699259,-0.2852599292446399,-0.4343253746527557,-0.0866483652658343,-0.3183580532780958,-0.4274430150327237,-0.7792203985846959,-0.5929245703975957,-0.4958151570327869,687
-0.5743983460995964,-0.3000575077313195,-0.2852599292446399,-0.2391432185217376,-0.2204342331859246,-0.3079621548745818,-0.2308230475300988,-0.9154658798187136,-0.8575292360052872,-0.342005573111881,220
1.336657149531216,-0.5849113913471388,0.209115130468348,0.6891621581989581,0.366165341540625,0.2997253608944611,0.719707838310812,0.4469889325214641,0.2008894264254786,0.9970425692583584,11388
0.9759631196891932,-0.0057084946616396,0.0678651134074943,-0.0963270067185536,-0.2142595008203819,-0.2030580891663955,-0.1391474798601632,0.7194798949894997,1.978702023477156,-0.4234341763641253,9720
-0.5850153210753232,-0.5849113913471388,-0.1086974079185727,-0.386719970718361,-0.3274629275219968,-0.4289326090245624,-0.396080320829851,-0.9154658798187136,-0.6094623619980764,-0.4822437231574128,145
-0.5857231194070383,-0.4899600968085323,-0.2852599292446399,-0.4010015918986794,-0.3027639980598263,-0.399635077160114,-0.3562738243415896,-0.7792203985846959,-0.7913780696033643,-0.3872436860297945,140
-0.4264684947711372,-0.1386403070156886,-0.2852599292446399,-0.2010588953742219,-0.2451331626480951,-0.1983326808011619,-0.3333549324241057,1.4007073011595887,-0.5929245703975957,-0.0162911601029038,1265
0.2885493799274727,0.0512622820615241,-0.2852599292446399,-0.1772561934070245,-0.1833858389926688,-0.1558040055140594,-0.2187604728366862,0.5832344137554819,0.3745362382305263,-0.0615292730208173,5242
-0.2104484439316838,-0.4139990611776472,-0.049843234143217,-0.4010015918986794,-0.2369001861607049,-0.3051269098554416,-0.301992238221233,0.3107434512874463,0.4324185088322087,-0.2605769698596367,2791
-0.4789871309843988,0.0987379293308274,-0.2852599292446399,-0.3676778091446032,-0.2451331626480951,-0.3230834616433294,-0.2609794842636302,-0.7792203985846959,-0.551580091396394,-0.4686722892820388,742
-0.5058834675895733,-0.4709698379008111,-0.2852599292446399,-0.4343253746527557,-0.2698320921102656,-0.3911293421026934,-0.4346805598487713,-0.5067294361166603,-0.3117821131894235,-0.4053389311969599,584
-0.4791286906507419,-0.3570282844544834,-0.1086974079185727,-0.2343826781282981,-0.2574826273791804,-0.2285752943386571,-0.0703908041077115,-0.2342384736486248,-0.6756135283999993,0.2958518190306992,893
0.3562149004394378,0.6019797903854414,-0.2852599292446399,-0.3391145667839664,0.0862441409693592,-0.0764171449781346,-0.311642297975963,-0.2342384736486248,0.1760827390247576,-0.3510531956954637,5639
0.3380952631475308,-0.1956110837388525,-0.2852599292446399,-0.3391145667839664,-0.2718903362321132,-0.3675023002765254,-0.4009053507072161,-0.5067294361166603,3.6986323499271503,-0.5139104021999523,5533
-0.5356109975216081,-0.5564260029855569,-0.2852599292446399,-0.3153118648167691,-0.2533661391354853,-0.3816785253722262,-0.4165866978086525,-0.7792203985846959,-0.5681178829968746,-0.4686722892820388,410
-0.4348205150853756,-0.2146013426465737,-0.2852599292446399,-0.2962697032430112,-0.2821815568413509,-0.2881154397406006,-0.4346805598487713,-0.5067294361166603,-0.5185045081954325,-0.2470055359842626,1001
-0.2442812041876664,1.3046193699711288,-0.2852599292446399,0.3987691941991508,0.6028634155530924,0.3148466676632087,0.39160580664999,0.3107434512874463,-0.7169580074012011,-0.0705768956044,2552
0.6316900111429609,0.6589505671086053,-0.2852599292446399,-0.0915664663251141,-0.1051725623624622,0.0549492075753598,-0.3393862197708119,0.3107434512874463,0.3497295508298051,0.5084709497448926,8740
-0.5775126587591429,-0.5849113913471388,-0.2852599292446399,-0.4343253746527557,-0.146337444799413,-0.3608867285651983,-0.4093491529926049,-0.0979929924146069,-0.8161847570040853,-0.4731961005738301,198
-0.205210736276992,-0.4519795789930898,-0.2852599292446399,-0.3629172687511637,-0.3192299510346066,-0.4081408122175345,-0.4238242426247,-1.0517113610527316,2.557524729493981,-0.4686722892820388,2347
-0.4662467610135267,-0.5849113913471388,-0.2028640859591418,-0.2867486224561323,-0.2883562892068935,-0.4015252405062074,-0.3514487944642245,-0.0979929924146069,0.118200468423075,-0.4958151570327869,817
-0.5630735727921546,-0.5849113913471388,-0.2852599292446399,-0.4343253746527557,-0.3439288804967771,-0.3571064018730114,-0.4346805598487713,-1.0517113610527316,-0.7831091738031238,-0.0389102165618606,249
0.4932446574594842,-0.4424844495392291,0.4209901560596286,-0.4343253746527557,-0.2883562892068935,-0.0480646947867329,0.0912476967840169,0.8557253762235175,0.4985696752341316,0.9970425692583584,7762
-0.4731831846643349,-0.5279406146239749,0.1855734609582057,-0.253424839702056,-0.2204342331859246,-0.2909506847597408,-0.2079041556126149,-0.6429749173506781,-0.6177312577983168,-0.3148627053611329,776
1.2531369463888324,1.627453771402391,-0.2852599292446399,0.5844302695432899,1.5743546410651326,1.1559693566747924,1.8572086318996175,1.6731982636276244,-0.3365888005901445,1.8429952808233403,13130
-0.3379937033067478,-0.3475331550006227,-0.2852599292446399,-0.2867486224561323,-0.2430749185262475,-0.3391498500851237,-0.2899296635278204,-0.9154658798187136,0.0851248852221137,-0.446053232823082,1644
1.3094776935933556,-0.3000575077313195,0.0914067829176366,-0.1962983549807824,-0.3007057539379787,-0.2956760931249744,-0.2658045141409952,-0.0979929924146069,5.4516382595781065,-0.4822437231574128,13528
-0.5003626406021954,-0.4424844495392291,-0.2852599292446399,-0.3343540263905269,-0.2862980450850459,-0.3939645871218336,-0.3876365185444623,-0.5067294361166603,-0.2456309467875005,-0.4958151570327869,617
-0.2670723104688932,-0.0436890124770822,-0.1086974079185727,0.1321789321665407,-0.0166680651230178,-0.1019343501503961,0.0224910210315652,-0.2342384736486248,-0.4523533417935096,-0.3827198747380032,2391
-0.5198978745575326,1.5989683830408088,-0.2852599292446399,-0.4343253746527557,-0.3192299510346066,-0.2162892325890497,-0.4033178656458986,-0.5067294361166603,-0.7831091738031238,-0.4415294215312906,605
-0.2697619441294106,-0.2146013426465737,0.0090109396321386,-0.3200724052102085,-0.2760068244758082,-0.338204768412077,-0.2887234060584792,-0.6429749173506781,0.3497295508298051,-0.5139104021999523,2064
-0.2444227638540094,0.1177281882385486,1.5392194577913867,-0.0344399816038406,0.3743983180280151,0.3488696078928908,0.597875833907345,0.4469889325214641,-0.7252269032014415,0.3637089884075694,2551
-0.321006543345585,-0.4899600968085323,-0.2852599292446399,-0.2486642993086165,-0.2286672096733147,-0.3400949317581704,-0.4045241231152399,-0.2342384736486248,0.1099315726228347,-0.4505770441148733,1668
-0.3483275589497884,-0.499455226262393,0.4798443298349843,-0.3010302436364507,-0.0989978299969196,-0.1000441868043027,-0.269423286549019,1.4007073011595887,-0.576386778797115,-0.0298625939782779,1817
0.1168375046533856,0.2981356478619009,-0.2264057554692841,-0.4343253746527557,-0.1031143182406146,-0.238971192742171,-0.1560350844309408,0.1744979700534286,0.829325507243746,-0.4279579876559166,5103
-0.1218320928009513,-0.1481354364695493,-0.2852599292446399,-0.1915378145873429,-0.2245507214296196,-0.2569277445300588,-0.3357674473627882,-0.0979929924146069,0.118200468423075,-0.2334341021088886,2836
1.4751025032146927,2.1686761502724474,0.7741151987117628,1.1604556571494653,0.7695811894227433,0.8686645280685885,1.164816844497736,-1.0517113610527316,-0.0967908223831742,-0.1972436117745578,14938
-0.4570453827012302,-0.5564260029855569,-0.1086974079185727,-0.4343253746527557,-0.3007057539379787,-0.3797883620261328,-0.4081428955232636,0.5832344137554819,0.0437804062209119,-0.2108150456499319,1049
-0.4246282191086779,-0.5564260029855569,-0.2264057554692841,-0.3343540263905269,-0.3233464392783017,-0.4043604855253476,-0.349036279525542,0.1744979700534286,0.5151074668346123,-0.3691484408626291,1061
1.768414131877437,0.2601551300464583,0.1855734609582057,-0.1010875471119931,-0.0578329475599687,-0.1217810652843773,-0.0269655352114263,0.0382524888194108,2.243306689084847,-0.5139104021999523,13919
0.021284729871845,-0.4709698379008111,-0.2852599292446399,-0.386719970718361,-0.2615991156228754,-0.3911293421026934,-0.4346805598487713,-0.2342384736486248,3.185960810312248,-0.5139104021999523,3675
-0.2456968008510966,0.1557087060539912,-0.2028640859591418,0.7034437793792765,0.0450792585324083,0.1040934545737894,0.2999302389800544,-0.3704839548826426,-0.6177312577983168,-0.0796245181879827,2542
-0.2878815814213176,-0.2620769899158769,-0.2852599292446399,-0.3676778091446032,-0.1586869095304983,-0.1992777624742086,-0.3128485554453043,-0.9154658798187136,-0.3035132173891832,0.0289469528150096,2244
0.766737932834205,-0.4424844495392291,1.6804694748522404,-0.0344399816038406,0.028613305557628,0.2278991537429102,-0.0366155949661563,-0.6429749173506781,-0.0554463433819724,0.2325184609456203,8046
0.2378710193766704,-0.5849113913471388,-0.2852599292446399,-0.4343253746527557,-0.3439288804967771,-0.4043604855253476,-0.4214117276860175,-0.3704839548826426,5.956040903392768,-0.2651007811514281,4945
-0.3815940805403989,-0.499455226262393,-0.2852599292446399,-0.3533961879642848,-0.2698320921102656,-0.3675023002765254,-0.3803989737284147,0.3107434512874463,0.1347382600235558,-0.3691484408626291,1313
-0.1505687050685851,0.6209700492931627,-0.2264057554692841,-0.0344399816038406,0.5863974625783122,0.2543614405882184,-0.0703908041077115,-0.2342384736486248,-0.6177312577983168,-0.2153388569417232,3214
-0.5231537468834221,-0.5849113913471388,-0.2852599292446399,-0.4343253746527557,-0.096939585875072,-0.3136326449128622,-0.3779864587897322,0.1744979700534286,-0.7169580074012011,-0.3601008182790464,483
-0.2122887195941432,0.4310674602159498,-0.2852599292446399,0.1988264976746932,-0.0866483652658343,0.0540041259023131,-0.3056110106292568,-0.6429749173506781,-0.6260001535985571,-0.0434340278536519,2306
-0.3742329778905617,-0.2620769899158769,0.8918235462624742,-0.4343253746527557,-0.2883562892068935,0.3082310959518817,-0.4129679254006287,0.0382524888194108,-0.8079158612038451,2.548709842342791,1634
-0.5036185129280849,-0.3000575077313195,-0.1204682426736439,-0.3057907840298901,-0.2965892656942837,-0.3892391787566,-0.3212923577306931,-0.3704839548826426,-0.1794797803855778,-0.5139104021999523,720
-0.4536479507089976,-0.4329893200853685,-0.2852599292446399,-0.3676778091446032,-0.168978130139736,-0.3542711568538713,-0.2911359209971617,0.5832344137554819,-0.1794797803855778,-0.4958151570327869,1073
-0.1007397025158409,0.1652038355078519,-0.2264057554692841,-0.3295934859970875,-0.1936770596019065,-0.2607080712222456,-0.3007859807518917,0.5832344137554819,0.4241496130319682,-0.3691484408626291,3566
-0.4951249329475035,1.5230073474099235,-0.2852599292446399,-0.1344113298660693,0.1130013145533772,0.385727793141713,0.503787751298727,-0.2342384736486248,-0.8988737150064889,0.7120424578755032,780
-0.040010605654684,-0.233591601554295,-0.2264057554692841,-0.4010015918986794,-0.3068804863035214,-0.3901842604296467,-0.3454175071175183,0.7194798949894997,3.491909954921141,-0.4822437231574128,3995
6.335695206768737,3.203645260743257,3.9522405825809703,2.398196159443726,1.815169203321295,2.6879467486835305,3.090003765566383,4.534353369541998,0.2422339054266804,1.8339476582397576,49034
-0.5387253101811547,-0.499455226262393,-0.2264057554692841,-0.3629172687511637,-0.313055218669064,-0.399635077160114,-0.4202054702166762,-0.3704839548826426,-0.4688911333939903,-0.432481798947708,392
1.831974422065454,1.190677816524801,0.456302660324842,-0.2010588953742219,0.3311751914692167,0.8648842013764017,1.291473878778568,1.94568922609566,0.0685870936216329,3.1232338764002927,17607
-0.5125367719076953,0.2316697416848763,0.0090109396321386,-0.0677637643579168,-0.0804736329002917,-0.1416277804183585,-0.0281717926807675,-0.0979929924146069,-0.8244536528043257,-0.4189103650723339,591
-0.4670961190115849,0.0512622820615241,-0.1675515816939284,-0.4343253746527557,-0.3439288804967771,-0.3911293421026934,-0.3876365185444623,-0.3704839548826426,-0.0554463433819724,-0.5139104021999523,812
-0.5092808995818058,-0.4234941906315079,-0.2852599292446399,-0.4010015918986794,-0.3192299510346066,-0.399635077160114,-0.3779864587897322,0.4469889325214641,-0.2456309467875005,-0.3872436860297945,564
0.6046521148714434,-0.5849113913471388,3.4343238533578404,2.0221134683620083,0.0389045261668657,1.1493537849634652,1.3517867522456308,-0.0979929924146069,-0.5598489871966342,1.5806142258994422,8549
-0.5441045775021894,-0.3095526371851801,-0.0616140688982881,-0.2391432185217376,-0.2595408715010279,-0.317412971605049,-0.2525356819782414,-0.7792203985846959,-0.7583024864024029,-0.4189103650723339,391
-0.2956673630701838,-0.5279406146239749,-0.2852599292446399,-0.3533961879642848,-0.2883562892068935,-0.3977449138140205,-0.3840177461364385,-0.9154658798187136,1.3006525678574463,-0.4505770441148733,1817
-0.5122536525750093,-0.5564260029855569,-0.2264057554692841,-0.2343826781282981,-0.2945310215724361,-0.3939645871218336,-0.3454175071175183,-0.7792203985846959,-0.3365888005901445,-0.5139104021999523,540
0.6638240554028272,1.3520950172404322,-0.2852599292446399,-0.0058767392432038,0.2756026001793331,0.252471277242125,-0.1777477188790834,-0.0979929924146069,-0.1546730929848566,0.074185065732923,7443
0.8719167649270713,-0.2905623782774589,-0.1440099121837861,-0.0534821431775984,-0.1257550035809376,-0.1529687604949192,-0.2706295440183603,-0.3704839548826426,1.2345014014555231,-0.2922436489021762,8663
0.0487473051423915,-0.1576305659234099,-0.0263015646330747,-0.2439037589151771,-0.1710363742615835,-0.3013465831632548,-0.1958415809192023,0.4469889325214641,1.3006525678574463,-0.4822437231574128,4622
-0.4760143779911953,-0.1766208248311312,-0.2264057554692841,-0.1344113298660693,-0.1401627124338704,-0.2465318461265448,-0.1210536178200443,-0.2342384736486248,-0.6425379451990378,-0.2877198376103848,915
2.9902156120840697,0.0892427998769667,-0.0851557384084304,0.0940946090190249,-0.1730946183834311,-0.143517943764452,-0.0088716731713074,0.4469889325214641,5.29452923937354,-0.1927198004827665,25401
-0.5084315415837477,-0.5564260029855569,-0.2852599292446399,-0.4343253746527557,-0.3007057539379787,-0.3882940970835533,-0.3586863392802721,-0.5067294361166603,-0.3531265921906253,-0.2831960263185935,569
-0.3476197606180733,-0.5849113913471388,-0.2264057554692841,-0.2201010569479797,-0.2801233127195033,-0.2512572544917784,-0.3707489139736846,-0.6429749173506781,-0.4110088627923078,0.0877564996082971,1512
0.1097595213362345,0.4690479780313924,0.5975526773856957,0.5749091887564111,0.0944771174567494,0.4944121855420861,0.4796626019119018,0.3107434512874463,-0.5598489871966342,0.4994233271613099,5053
-0.3310572796559396,-0.3760185433622047,-0.1086974079185727,-0.2677064608823744,-0.2492496508917902,-0.3504908301616843,-0.2778670888344078,0.1744979700534286,0.4076118214314876,-0.4596246666984561,1939
-0.5894036707319569,-0.5564260029855569,-0.2852599292446399,-0.3676778091446032,-0.2924727774505886,-0.4232621189862821,-0.4214117276860175,-1.0517113610527316,-0.7334957990016817,-0.5139104021999523,114
-0.38867206385755,-0.366523413908344,-0.2852599292446399,-0.2486642993086165,-0.1895605713582114,-0.2994564198171613,-0.3044047531599155,-0.0979929924146069,-0.2290931551870199,-0.4596246666984561,1532
0.1999330287967402,-0.1196500481079673,-0.2852599292446399,-0.1534534914398272,-0.168978130139736,-0.2909506847597408,-0.2018728682659086,-0.6429749173506781,1.2096947140548022,-0.5139104021999523,4723
-0.0987578671870386,-0.2240964721004344,-0.2852599292446399,-0.4343253746527557,-0.0845901211439868,-0.3032367465093482,-0.4346805598487713,0.5832344137554819,0.5068385710343718,-0.5139104021999523,2971
0.2213085384145367,1.0672411336246128,0.0090109396321386,-0.0868059259316747,-0.2451331626480951,-0.1255613919765642,-0.0076654157019661,0.1744979700534286,0.391074029831007,-0.3601008182790464,5841
-0.4723338266662767,0.1177281882385486,-0.2852599292446399,-0.4010015918986794,0.779872410031981,0.1211049246886305,0.3216428734281971,-0.0979929924146069,-0.8492603402050468,-0.5139104021999523,941
-0.4590272180300325,-0.4139990611776472,-0.1086974079185727,-0.2010588953742219,-0.2492496508917902,-0.3410400134312171,-0.2718358014877016,-0.0979929924146069,-0.2952443215889428,-0.4822437231574128,1035
0.1867679798268391,0.6779408260163265,1.715781979117454,0.432092976953227,0.4361456416834414,0.853543221299841,1.0622849596037292,0.5832344137554819,-0.6425379451990378,1.1915664548053864,5597
-0.0959266738601781,-0.4899600968085323,-0.2852599292446399,-0.2486642993086165,-0.2821815568413509,-0.338204768412077,-0.3212923577306931,-0.0979929924146069,0.9450900484471108,-0.2470055359842626,2988
-0.1498609067368699,-0.5279406146239749,0.8918235462624742,-0.3676778091446032,-0.2718903362321132,-0.2682687246066194,-0.189810293572496,-0.5067294361166603,0.3414606550295648,-0.2967674601939675,3219
0.0498797824731357,0.668445696562466,0.3974484865494863,-0.2915091628495717,-0.1051725623624622,0.2562516039343119,0.3469742802843635,0.8557253762235175,-0.4688911333939903,0.8975187208389486,4630
-0.0234481246925502,-0.0436890124770822,-0.2852599292446399,0.4987405424613795,-0.1545704212868032,0.0672352693249672,0.1214041335175483,-0.3704839548826426,-0.3613954879908656,0.0108517076478442,4112
-0.5234368662161081,-0.5469308735316962,-0.2852599292446399,-0.4010015918986794,-0.3151134627909115,-0.4364932624089362,-0.4081428955232636,-0.3704839548826426,0.9450900484471108,-0.5139104021999523,580
1.260639608705013,1.3615901466942928,0.5857818426306246,-0.2201010569479797,-0.1504539330431081,0.3431991178546104,-0.0486781696595689,-0.5067294361166603,0.093393781022354,1.0603759273434372,10942
-0.4457206093937884,0.5829895314777201,-0.2852599292446399,-0.110608627898872,-0.1833858389926688,-0.2380261110691243,-0.418999212747335,0.0382524888194108,-0.6425379451990378,-0.4686722892820388,937
-0.1766156836757013,-0.4045039317237866,-0.2852599292446399,-0.3295934859970875,-0.313055218669064,-0.4053055671983943,-0.4033178656458986,-0.0979929924146069,2.6154070000956637,-0.5139104021999523,2515
-0.2374863402032013,-0.4519795789930898,-0.2852599292446399,0.3035583863303615,-0.3151134627909115,-0.1614744955523397,-0.2670107716103365,-0.0979929924146069,-0.2952443215889428,0.0198993302314269,2600
2.964168633476953,0.6969310849240479,18.218492305727192,7.810930586784399,2.2082938305941755,6.753688106130534,1.2251297179647989,1.4007073011595887,-0.7004202158007203,10.59204631914781,25217
-0.5755308234303407,-0.5849113913471388,-0.2852599292446399,-0.4343253746527557,-0.3439288804967771,-0.3476555851425442,-0.3200861002613518,-0.9154658798187136,-0.8492603402050468,0.0198993302314269,176
-0.5473604498280791,-0.5279406146239749,-0.1675515816939284,-0.3676778091446032,-0.3192299510346066,-0.4081408122175345,-0.3635113691576371,-0.7792203985846959,-0.4606222375937499,-0.4370056102394993,341
1.709949989677768,1.095726521986195,1.0683860675885413,-0.0011161988497643,0.150049708746633,1.0935939662537086,1.3517867522456308,3.989371444605927,-0.1546730929848566,3.3675196861570256,16357
-0.0928123612006316,0.8298628972780968,0.3503651475292017,0.1131367705927828,0.0594869673853411,0.6673621317096365,0.1877482943313175,0.4469889325214641,-0.7665713822026432,2.5034717294248776,3006
-0.3166181936889513,0.2791453889541795,-0.2852599292446399,0.0655313666583881,-0.024901041610408,0.1116541079581632,0.2673612873078405,-0.0979929924146069,-0.7417646948019221,0.5310900062038494,1694
-0.4450128110620733,0.1462135766001306,-0.1675515816939284,-0.1344113298660693,-0.096939585875072,-0.0924835334199289,-0.1958415809192023,-0.3704839548826426,-0.7334957990016817,-0.0886721407715654,1134
-0.4032527094908814,-0.3285428960929015,-0.2028640859591418,-0.253424839702056,-0.2286672096733147,-0.3353695233929368,-0.2802796037730903,-0.0979929924146069,-0.2290931551870199,-0.5139104021999523,1186
-0.3697030685675849,-0.3760185433622047,-0.2852599292446399,-0.3200724052102085,-0.2821815568413509,-0.3353695233929368,-0.3876365185444623,0.0382524888194108,-0.1050597181834145,-0.2877198376103848,1383
-0.3610679289206605,-0.1671256953772705,0.3621359822842728,-0.253424839702056,-0.1504539330431081,-0.1898269457437414,-0.1126098155346555,-0.3704839548826426,-0.4771600291942307,-0.3510531956954637,1727
0.0320432645139147,-0.2146013426465737,-0.1675515816939284,-0.1344113298660693,-0.1936770596019065,-0.1718703939558536,-0.1065785281879492,-0.2342384736486248,0.2505028012269209,-0.1203388198141049,4504
0.1754432065193972,-0.5849113913471388,-0.2852599292446399,-0.1010875471119931,-0.1936770596019065,-0.2068384158585824,-0.1355287074521394,-0.0979929924146069,0.5068385710343718,-0.0389102165618606,4800
-0.2441396445213234,-0.5849113913471388,-0.1675515816939284,-0.2010588953742219,-0.2698320921102656,-0.3561613201999647,-0.301992238221233,2.081934707329677,0.9450900484471108,-0.446053232823082,2553
1.7897896414952332,8.45445184872819,0.209115130468348,4.759424194589702,2.093032159770713,3.28523836604906,4.251629708542014,0.3107434512874463,-0.6177312577983168,2.272757353543519,16921
0.6666552487296876,-0.4329893200853685,-0.2852599292446399,-0.1582140318332667,-0.1730946183834311,-0.0849228800355551,0.0586787451118029,-0.2342384736486248,0.5812586332365353,0.6260900433314677,7459
-0.0567146462831607,-0.5564260029855569,-0.2852599292446399,0.1226578513796617,-0.1586869095304983,-0.2200695592812366,-0.2911359209971617,0.3107434512874463,0.2918472802281227,-0.3374817618200896,3877
-0.2493773521760152,-0.3760185433622047,-0.2852599292446399,-0.3676778091446032,-0.1936770596019065,-0.3334793600468433,-0.3948740633605098,-0.0979929924146069,0.3166539676288437,-0.5139104021999523,2088
0.1952615598074205,-0.3380380255467621,-0.2264057554692841,-0.1677351126201456,-0.1360462241901753,-0.2087285792046759,-0.1234661327587269,-0.0979929924146069,0.4903007794338912,-0.1972436117745578,4695
-0.0595458396100211,-0.1671256953772705,-0.2852599292446399,-0.2343826781282981,-0.1092890506061573,-0.2361359477230308,-0.2163479578980037,0.0382524888194108,0.1430071558237962,-0.4641484779902474,3201
1.354068988491408,1.7413953248487184,-0.1675515816939284,1.4413275403623935,0.7983966071286089,0.7146162153619726,1.0357472952782214,0.0382524888194108,-0.2125553635865392,-0.446053232823082,11490
-0.4990886036051081,0.5924846609315807,-0.2264057554692841,0.0655313666583881,-0.0598911916818162,0.1693040900140134,0.2951052091026894,0.5832344137554819,-0.8823359234060083,0.540137628787432,752
3.5561711581234765,2.994752412758323,-0.1675515816939284,1.74124158514908,0.3743983180280151,1.2504775239794643,1.5146315106067003,3.580635000903873,0.3662673424302858,1.3996617742277884,29399
-0.2134211969248873,-0.4424844495392291,-0.2852599292446399,-0.4010015918986794,-0.2286672096733147,-0.3769531170069926,-0.4238242426247,-0.3704839548826426,1.1848880266540815,-0.4822437231574128,2299
-0.4712013493355325,-0.499455226262393,-0.2852599292446399,-0.3629172687511637,-0.3048222421816738,-0.4015252405062074,-0.3731614289123672,-0.5067294361166603,0.2008894264254786,-0.4777199118656214,883
0.8785700692451933,-0.4045039317237866,-0.0380723993881459,-0.1486929510463877,-0.2224924773077721,-0.1718703939558536,-0.2682170290796778,0.1744979700534286,1.38334152585985,-0.0524816504372346,8702
-0.0813460282268467,0.3361161656773434,-0.2852599292446399,-0.1867772741939035,-0.1236967594590901,-0.1302868003417978,-0.0896909236171717,-0.0979929924146069,-0.0967908223831742,-0.0931959520633568,3703
-0.4853573159698349,-0.5849113913471388,-0.2852599292446399,-0.386719970718361,-0.3439288804967771,-0.3126875632398154,-0.2621857417329715,-0.6429749173506781,-0.6011934661978361,0.0877564996082971,705
-0.4025449111591663,-0.5564260029855569,-0.2852599292446399,-0.4010015918986794,-0.2945310215724361,-0.3656121369304319,-0.386430261075121,0.8557253762235175,0.2091583222257191,-0.1701007440238097,1434
-0.1876573376504571,0.2981356478619009,-0.2852599292446399,-0.0868059259316747,-0.3027639980598263,-0.2503121728187317,-0.3779864587897322,-0.6429749173506781,-0.0637152391822127,-0.4912913457409955,2450
-0.1100826404944804,-0.1766208248311312,0.6564068511610515,0.3892481134122718,-0.2327836979170098,0.0180910223265376,0.1817170069846112,0.0382524888194108,-0.4027399669920674,0.2144232157784549,3500
-0.2970829597336141,-0.1386403070156886,0.0090109396321386,-0.3629172687511637,-0.2862980450850459,-0.3438752584503573,-0.2959609508745267,-0.7792203985846959,0.300116176028363,-0.5139104021999523,1896
0.3600370114306994,0.772892120554933,-0.2852599292446399,-0.4343253746527557,-0.3439288804967771,-0.22195972262733,-0.3031984956905743,0.3107434512874463,1.267576984656485,-0.0208149713946952,6821
-0.3680043525714687,-0.4045039317237866,-0.2852599292446399,-0.386719970718361,0.0389045261668657,-0.2162892325890497,-0.4346805598487713,-0.6429749173506781,-0.5267734039956729,-0.3329579505282983,1393
-0.1614687993769978,-0.5279406146239749,-0.2852599292446399,-0.4343253746527557,-0.2060265243329918,-0.3032367465093482,-0.3900490334831448,-0.2342384736486248,0.324922863429084,-0.1158150085223135,2604
-0.0268455566847828,-0.2240964721004344,-0.2264057554692841,-0.2343826781282981,-0.2513078950136377,-0.2890605214136473,-0.2308230475300988,0.1744979700534286,0.68875427863966,-0.3374817618200896,3638
-0.1477375117417246,-0.3380380255467621,-0.2852599292446399,-0.3010302436364507,-0.1401627124338704,-0.1917171090898349,-0.1693039165936946,-0.6429749173506781,-0.0306396559812512,-0.0072435375193211,3234
-0.5625073341267826,-0.5849113913471388,-0.2852599292446399,-0.4343253746527557,-0.3439288804967771,-0.4109760572366747,-0.4346805598487713,-0.7792203985846959,-0.576386778797115,-0.2424817246924713,252
-0.4301490460960558,-0.4139990611776472,-0.2028640859591418,-0.4343253746527557,-0.195735303723754,-0.3637219735843385,-0.4346805598487713,-0.7792203985846959,-0.138135301384376,-0.5139104021999523,1028
-0.4876222706313232,-0.5564260029855569,-0.2852599292446399,-0.4343253746527557,-0.290414533328741,-0.4053055671983943,-0.4081428955232636,-0.5067294361166603,0.0107048230199504,-0.3827198747380032,691
0.5020213567727517,-0.0531841419309428,-0.2264057554692841,1.5317778078377435,0.9445319397797844,0.6701973767287767,1.0224784631154675,0.8557253762235175,-0.4358155501930288,-0.0253387826864865,7824
-0.5705762351083348,-0.5089503557162537,-0.2852599292446399,-0.4343253746527557,-0.2821815568413509,-0.4242072006593287,-0.396080320829851,-0.6429749173506781,-0.4358155501930288,-0.5139104021999523,247
-0.1385361334294281,-0.3855136728160653,-0.2852599292446399,-0.3057907840298901,-0.2760068244758082,-0.3807334436991795,-0.3610988542189546,0.1744979700534286,1.7223662536697049,-0.5139104021999523,2738
-0.4142943634656372,-0.5089503557162537,-0.2852599292446399,-0.2248615973414192,-0.3068804863035214,-0.3911293421026934,-0.386430261075121,-0.3704839548826426,0.300116176028363,-0.4505770441148733,1121
2.13052375838289,-0.4709698379008111,-0.2852599292446399,-0.1867772741939035,0.3805730503935578,-0.0357786330371255,-0.4346805598487713,-0.0979929924146069,1.978702023477156,-0.4596246666984561,16042
-0.1902054116446316,-0.0911646597463854,-0.2264057554692841,0.1083762301993433,0.0430210144105608,0.0606196976136402,-0.1656851441856709,0.5832344137554819,-0.6094623619980764,0.0108517076478442,2435
-0.4016955531611081,-0.3190477666390408,0.12671928718285,-0.3057907840298901,-0.2451331626480951,-0.2767744596640399,-0.2115229280206386,-0.0979929924146069,-0.3613954879908656,-0.3012912714857588,1440
0.302705346561775,-0.1101549186541067,-0.1675515816939284,-0.2819880820626928,-0.2698320921102656,-0.2852801947214605,-0.2633919992023127,0.9919708574575352,1.8960130654747525,-0.4505770441148733,6416
-0.3987228001679047,0.1462135766001306,-0.2852599292446399,-0.2629459204889349,-0.2554243832573328,-0.3334793600468433,-0.2465043946315351,-0.5067294361166603,-0.2208242593867796,-0.5139104021999523,1213
0.8414814366633212,2.444034904434406,-0.2852599292446399,0.9985972837725234,0.8395614895655599,0.7127260520158792,1.061078702134388,0.8557253762235175,-0.2952443215889428,-0.3103388940693415,10222
-0.571425593106393,-0.5564260029855569,-0.2852599292446399,-0.3629172687511637,-0.1772111066271262,-0.3665572186034787,-0.4274430150327237,-0.7792203985846959,-0.7748402780028836,-0.5139104021999523,241
-0.4356698730834337,0.6779408260163265,-0.2028640859591418,2.517209669279713,1.0659683429687894,0.7543096456299351,1.3891807337952098,1.0600935980745445,-0.8988737150064889,-0.2108150456499319,1200
-0.3142116793611199,-0.4709698379008111,-0.2028640859591418,-0.1201297086857509,-0.0063768445137801,-0.0197122445953312,0.1214041335175483,0.1744979700534286,-0.667344632599759,0.4451375916598137,1708
-0.2459799201837827,-0.3950088022699259,-0.2852599292446399,-0.3295934859970875,-0.2821815568413509,-0.3873490154105066,-0.4262367575633825,-0.6429749173506781,1.292383672057206,-0.5139104021999523,2108
-0.5281083352054279,-0.5849113913471388,-0.0380723993881459,-0.3391145667839664,-0.3212881951564542,-0.3835686887183197,-0.3574800818109308,-1.0517113610527316,-0.5102356123951921,-0.4143865537805425,454
-0.0271286760174688,1.010270356901449,0.4209901560596286,0.2559529823959668,-0.218375989064077,0.1957663768593216,0.2866614068173006,-0.0979929924146069,-0.485428924994471,0.2279946496538289,4086
-0.259852767485399,-0.5279406146239749,-0.0851557384084304,-0.386719970718361,-0.3068804863035214,-0.4015252405062074,-0.4262367575633825,-0.5067294361166603,1.7306351494699452,-0.4822437231574128,2027
-0.5640644904565557,-0.5849113913471388,-0.1086974079185727,-0.4343253746527557,-0.3439288804967771,-0.4071957305444877,-0.3659238840963196,-0.7792203985846959,-0.5433111955961535,-0.3239103279447156,293
0.003306652246281,-0.5849113913471388,-0.2028640859591418,1.2937507881657702,0.2509036707171626,0.2515261955690783,0.3759244595485537,0.4469889325214641,-0.5019667165949517,-0.4551008554066647,4301
1.7709622058716112,1.4755317001406203,-0.2264057554692841,-0.4343253746527557,0.0203803290702378,-0.0622409198824338,0.073153834743898,0.9238481168405264,2.3259956470872507,-0.4143865537805425,16788
-0.5089977802491198,-0.5564260029855569,-0.2852599292446399,-0.3343540263905269,-0.2821815568413509,-0.4043604855253476,-0.3562738243415896,-0.7792203985846959,-0.1794797803855778,-0.4641484779902474,566
-0.2272940442265036,-0.2146013426465737,0.4209901560596286,-0.1153691682923115,-0.2574826273791804,-0.0735818999589944,0.0586787451118029,0.3107434512874463,-0.4358155501930288,0.3953756674501089,2672
-0.3409664562999512,-0.5469308735316962,-0.2852599292446399,-0.4343253746527557,-0.3007057539379787,-0.3514359118347311,-0.3212923577306931,0.4469889325214641,0.3745362382305263,-0.1067673859387308,1869
-0.4686532753413581,-0.5469308735316962,-0.2852599292446399,-0.386719970718361,-0.2245507214296196,-0.372227708641759,-0.4081428955232636,-0.7792203985846959,-0.2621687383879814,-0.4234341763641253,803
0.0798904317378566,-0.4709698379008111,-0.2264057554692841,-0.4010015918986794,-0.2821815568413509,-0.3930195054487869,-0.4346805598487713,-0.2342384736486248,3.706901245727391,-0.446053232823082,4019
0.2245644107404263,1.779375842664161,-0.1675515816939284,0.2797556843631641,0.366165341540625,0.457554000293264,0.5255003857468696,0.7194798949894997,-0.5598489871966342,-0.3239103279447156,4867
-0.1621765977087129,-0.1861159542849918,-0.1675515816939284,-0.4343253746527557,-0.313055218669064,-0.3901842604296467,-0.3454175071175183,1.1282163386915531,2.524449146293019,-0.4822437231574128,3132
-0.590394588396358,-0.3475331550006227,-0.1675515816939284,-0.3343540263905269,-0.3068804863035214,-0.3835686887183197,-0.4045241231152399,-1.0517113610527316,-0.8823359234060083,-0.4958151570327869,89
-0.4134450054675791,-0.4045039317237866,0.3621359822842728,-0.4343253746527557,-0.3315794157656919,-0.3599416468921516,-0.2983734658132092,-0.2342384736486248,-0.0967908223831742,-0.3646246295708377,1126
-0.3878227058594919,1.086231392532334,-0.1675515816939284,1.0604843088872364,0.7181250863765548,0.6437350898834684,1.080378821643848,-0.0979929924146069,-0.8657981318055274,0.5718043078299715,1538
0.4226063839543157,1.646444030310112,0.2679693042437037,0.3559243306581955,0.4629028152674595,0.5728539644049642,0.7221203532494945,0.3107434512874463,-0.4275466543927885,0.0244231415232182,7263
0.0515784984692519,-0.2905623782774589,-0.2852599292446399,-0.4343253746527557,-0.3233464392783017,-0.3967998321409738,-0.4346805598487713,-0.9154658798187136,3.781321307929554,-0.432481798947708,3853
6.688603454961894,3.68789686289015,0.3032818085089171,-0.0058767392432038,0.2117970324020593,0.7269022771115801,0.7486580175750022,2.626916632265749,0.9285522568466302,0.0334707641068009,28855
-0.3926357345151547,-0.5849113913471388,-0.2852599292446399,-0.4343253746527557,-0.2060265243329918,-0.3920744237757402,-0.4274430150327237,0.8557253762235175,0.4572251962329299,-0.4912913457409955,1248
1.8414589197104367,-0.2240964721004344,0.2444276347335614,0.2654740631828457,0.2467871824734675,0.2742081557221996,0.3807494894259187,0.5832344137554819,0.6308720080379773,0.2053755931948722,15039
0.2381541387093565,-0.4139990611776472,-0.1440099121837861,-0.2677064608823744,-0.2821815568413509,-0.3363146050659835,-0.2802796037730903,0.5832344137554819,2.152348835282203,-0.3646246295708377,4947
-0.2611268044824862,-0.5849113913471388,-0.2852599292446399,-0.1344113298660693,-0.1833858389926688,-0.3334793600468433,-0.264598256671654,-0.0979929924146069,0.2753094886276419,-0.5139104021999523,2019
0.1588807255572635,0.0987379293308274,-0.2852599292446399,0.3130794671172404,0.1809233705743461,0.3205171577014891,0.5049940087680682,4.534353369541998,-0.4358155501930288,0.8206139288784957,5400
4.069891187282307,2.2161517975417504,-0.2852599292446399,4.178638266590086,1.5414227351155718,2.5452394160534757,2.843927241820767,3.716880482137892,-0.1133286139836548,1.9199000727837932,33028
0.11329851299481,-0.3095526371851801,-0.2264057554692841,-0.3533961879642848,0.0162638408265427,-0.1539138421679659,-0.0317905650887913,0.5832344137554819,0.324922863429084,-0.0253387826864865,5078
-0.5063081465886023,-0.3000575077313195,-0.2852599292446399,-0.4010015918986794,-0.0722406564129015,-0.2522023361648252,-0.3755739438510497,-0.7792203985846959,-0.7086891116009608,-0.3103388940693415,701
-0.5013535582665964,-0.5279406146239749,0.291510973753846,-0.1344113298660693,-0.2739485803539607,-0.2162892325890497,-0.1439725097375283,0.4469889325214641,-0.7334957990016817,-0.1112911972305222,736
-0.4673792383442709,-0.5279406146239749,0.4209901560596286,-0.2962697032430112,-0.2924727774505886,-0.3287539516816097,-0.2670107716103365,-0.2342384736486248,-0.3944710711918271,-0.4279579876559166,976
-0.4403413420727535,-0.0436890124770822,0.0678651134074943,-0.3010302436364507,-0.1998517919674491,-0.2011679258203021,-0.063153259291664,-0.6429749173506781,-0.6177312577983168,0.0425183866903836,1167
-0.0729940079126084,-0.5849113913471388,1.2449485889146084,-0.1962983549807824,-0.3439288804967771,-0.2418064377613112,-0.1138160730039968,0.4469889325214641,0.3745362382305263,-0.1248626311058962,3762
-0.5179160392287302,-0.5279406146239749,0.1855734609582057,-0.3343540263905269,-0.2245507214296196,-0.3410400134312171,-0.4081428955232636,-0.5067294361166603,-0.5681178829968746,-0.446053232823082,619
-0.4176917954578698,-0.5849113913471388,-0.1675515816939284,-0.3629172687511637,-0.3439288804967771,-0.372227708641759,-0.4346805598487713,-0.0979929924146069,0.0024359272197101,-0.1972436117745578,1101
-0.4342542764200035,1.2381534637941043,0.4209901560596286,0.7986545872480658,0.8786681278806632,1.2646537490751657,1.5845944438284936,0.8557253762235175,-0.9154115066069696,2.060138222829325,1210
0.3967009650135424,0.6494554376547447,-0.2852599292446399,-0.1486929510463877,0.12740902340631,0.0124205322882573,-0.2296167900607575,-0.0979929924146069,0.0024359272197101,-0.3736722521544204,5876
-0.266506071803521,-0.3855136728160653,0.3032818085089171,0.0655313666583881,-0.0784153887784441,-0.1076048401886765,0.0345535957249778,0.1744979700534286,-0.4440844459932692,-0.0796245181879827,2395
-0.4569038230348872,0.0227768936999422,-0.2852599292446399,0.0893340686255855,0.0244968173139329,-0.1482433521296856,0.0224910210315652,0.1744979700534286,-0.7086891116009608,-0.3962913086133772,1050
-0.3085492927073989,-0.5849113913471388,-0.2852599292446399,-0.4343253746527557,-0.2883562892068935,-0.406250648871441,-0.4346805598487713,-0.6429749173506781,1.548719441864657,-0.3872436860297945,1741
-0.3362949873106315,-0.3950088022699259,-0.2852599292446399,-0.2248615973414192,-0.218375989064077,-0.3400949317581704,-0.418999212747335,-0.6429749173506781,0.0520493020211522,-0.5139104021999523,1579
-0.1535414580617886,1.038755745263031,-0.2852599292446399,1.3651588940673622,0.84779446605295,0.8270809344545327,1.276998789146473,0.3107434512874463,-0.7831091738031238,0.8025186837113303,3193
4.497118260305552,1.5325024768637845,-0.2852599292446399,1.331835111313286,1.261501534544306,0.9225341834322518,1.366261841877726,1.94568922609566,1.0608545896504762,0.0244231415232182,36046
-0.0193428943686026,-0.2430867310081557,-0.1086974079185727,-0.3010302436364507,-0.3192299510346066,-0.3202482166241892,-0.2658045141409952,-0.7792203985846959,0.9450900484471108,-0.2922436489021762,3437
-0.3466288429536722,2.6719180113270613,-0.1086974079185727,-0.3343540263905269,-0.1977935478456016,-0.0121515912109574,-0.3852240036057797,-0.3704839548826426,-0.6508068409992782,-0.4053389311969599,1829
-0.5358941168542941,-0.3855136728160653,-0.2852599292446399,-0.3676778091446032,-0.2945310215724361,-0.3873490154105066,-0.4129679254006287,0.1744979700534286,-0.5350422997959132,-0.432481798947708,408
-0.4921521799543,-0.1956110837388525,-0.2852599292446399,-0.4343253746527557,-0.1278132477027851,-0.2588179078761522,-0.3719551714430259,-0.8473431392017048,-0.6590757367995186,-0.2108150456499319,801
-0.5210303518882767,-0.5849113913471388,-0.2852599292446399,0.0417286646911908,-0.2986475098161312,-0.2947310114519277,-0.3635113691576371,-0.2342384736486248,-0.69215132000048,-0.2741484037350107,597
-0.4975314472753349,-0.0721744008386641,-0.2852599292446399,-0.1391718702595088,-0.0928230976313769,-0.1198909019382839,-0.0293780501501088,1.2644618199255708,-0.7996469654036047,-0.0705768956044,763
-0.4302906057623988,-0.4709698379008111,3.057657141195564,-0.4343253746527557,-0.1710363742615835,-0.1472982704566389,-0.2465043946315351,-0.5067294361166603,-0.667344632599759,-0.5139104021999523,1238
-0.4287334494326256,-0.4424844495392291,0.0090109396321386,-0.2677064608823744,-0.2451331626480951,-0.1907720274167881,-0.0607407443529815,-0.2342384736486248,-0.6094623619980764,0.33204230936503,1249
1.6320921731891054,-0.4899600968085323,-0.2264057554692841,-0.2248615973414192,-0.195735303723754,-0.283390031375367,-0.4298555299714063,-0.7792203985846959,5.104344635968011,-0.3691484408626291,13752
0.7103971856296818,0.2601551300464583,1.127240241363897,-0.03920052199728,-0.096939585875072,0.0143106956343507,0.1008977565387469,0.7194798949894997,0.5564519458358141,-0.3691484408626291,9296
-0.5494838448232243,-0.5849113913471388,0.0090109396321386,-0.4343253746527557,-0.3439288804967771,-0.1737605573019471,-0.4346805598487713,-1.0517113610527316,-0.8823359234060083,0.6894234014165466,329
-0.168405223027806,-0.5849113913471388,-0.2264057554692841,-0.4343253746527557,-0.1278132477027851,-0.2956760931249744,-0.3164673278533281,1.1282163386915531,0.4903007794338912,-0.1384340649812703,3088
-0.5517487994847128,-0.4329893200853685,-0.2264057554692841,-0.3533961879642848,-0.3151134627909115,-0.4185367106210484,-0.3755739438510497,-0.9154658798187136,-0.2621687383879814,-0.5139104021999523,380
-0.2076172506048234,-0.233591601554295,-0.2852599292446399,-0.2724670012758138,-0.1628033977741934,-0.0943736967660223,-0.4129679254006287,-0.2342384736486248,-0.4771600291942307,0.4858518932859358,2333
-0.3069921363776257,-0.3285428960929015,-0.2852599292446399,-0.4343253746527557,-0.3068804863035214,-0.0764171449781346,-0.4093491529926049,1.4007073011595887,-0.5433111955961535,1.1779950209300123,2109
1.034568821555205,0.0512622820615241,0.4209901560596286,-0.0058767392432038,0.0636034556290362,0.0086402055960704,0.1973983540860475,0.7194798949894997,0.7052920702401406,-0.0208149713946952,10080
-0.5272589772073697,-0.5469308735316962,-0.2852599292446399,-0.2915091628495717,-0.2739485803539607,-0.3504908301616843,-0.3948740633605098,-0.9154658798187136,-0.576386778797115,-0.342005573111881,553
-0.5554293508096313,-0.5849113913471388,-0.2264057554692841,-0.3200724052102085,-0.3089387304253689,-0.4100309755636279,-0.3586863392802721,0.9919708574575352,-0.4192777585925482,-0.4370056102394993,354
-0.5786451360898871,-0.4899600968085323,-0.2852599292446399,-0.2296221377348586,-0.2574826273791804,-0.2625982345683391,-0.1632726292469884,-0.8473431392017048,-0.8988737150064889,0.1420422351097933,190
0.3294601235006064,0.9153190623628428,0.8918235462624742,0.2702346035762852,0.3476411444439971,0.3932884465260868,0.0321410807862953,0.3107434512874463,-0.4688911333939903,0.0922803109000885,5482
-0.0612445556061374,-0.4424844495392291,0.8447402072421897,-0.1153691682923115,-0.1977935478456016,-0.016876999576191,0.0707413198052155,0.3107434512874463,-0.4110088627923078,0.2551375174045771,3191
-0.0412846426517712,0.772892120554933,-0.1675515816939284,0.3083189267238009,0.0409627702887132,1.3298643845153897,0.7305641555348833,0.4469889325214641,-0.7996469654036047,5.100139410913112,3986
-0.5262680595429686,0.3076307773157615,-0.2852599292446399,-0.4010015918986794,-0.1216385153372425,-0.2569277445300588,-0.3430049921788357,-0.2342384736486248,-0.7583024864024029,-0.5139104021999523,560
-0.5919517447261313,-0.3950088022699259,-0.2852599292446399,-0.3676778091446032,-0.2657156038665705,-0.382623607045273,-0.3996990932378748,-0.9154658798187136,-0.8906048192062486,-0.4731961005738301,80
0.5008888794420076,3.070713448389208,0.7152610249364071,0.5653881079695321,0.4608445711456119,1.1408480499060447,1.422955942936765,0.9919708574575352,-0.5929245703975957,1.6077570936501904,7816
-0.2640995574756897,-0.3950088022699259,-0.2852599292446399,-0.386719970718361,-0.2945310215724361,-0.3835686887183197,-0.3574800818109308,-0.5067294361166603,1.0691234854507163,-0.4143865537805425,2002
-0.3851330721989744,0.668445696562466,-0.2852599292446399,-0.4343253746527557,-0.0351922622196457,-0.1794310473402274,-0.418999212747335,-0.3704839548826426,-0.5433111955961535,-0.4822437231574128,1557
-0.4049514254869977,-0.5849113913471388,-0.2852599292446399,-0.386719970718361,-0.0125515768793228,-0.1954974357820217,-0.1186411028813618,-0.2342384736486248,-0.551580091396394,-0.1022435746469395,1417
-0.3930604135141837,-0.4329893200853685,-0.2852599292446399,-0.386719970718361,-0.3048222421816738,-0.4071957305444877,-0.3996990932378748,-0.5067294361166603,0.8706699862449478,-0.4912913457409955,1246
-0.0169363800407712,0.905823932908982,0.5975526773856957,-0.2010588953742219,-0.1092890506061573,0.0048598789038835,-0.1355287074521394,0.3107434512874463,-0.2704376341882217,-0.0751007068961914,4158
-0.4954080522801895,-0.0721744008386641,-0.049843234143217,-0.0201583604235222,-0.0825318770221392,-0.0575155115172001,-0.3972865782991923,-0.9154658798187136,-0.8492603402050468,0.0379945753985923,646
-0.278538643442678,-0.0152036241155003,-0.2852599292446399,-0.0058767392432038,0.1953310794272789,0.0114754506152106,-0.2477106521008764,0.1744979700534286,-0.5929245703975957,-0.3239103279447156,2310
-0.44954272038505,-0.4709698379008111,-0.2852599292446399,-0.4010015918986794,-0.3254046834001493,-0.4034154038523009,-0.3623051116882959,-0.5067294361166603,0.391074029831007,-0.3691484408626291,992
0.6038027568733854,-0.1956110837388525,-0.1086974079185727,-0.0915664663251141,-0.0310757739759506,-0.1180007385921904,-0.0149029605180137,-0.3704839548826426,0.6474097996384581,-0.2062912343581405,7091
-0.0203338120330037,0.507028495846835,-0.2852599292446399,-0.2343826781282981,0.0039143760954575,-0.1170556569191437,-0.3357674473627882,-0.5067294361166603,-0.1877486761858181,-0.4098627424887512,3431
-0.4338295974209744,-0.3570282844544834,-0.2852599292446399,-0.4343253746527557,-0.2945310215724361,-0.4100309755636279,-0.4346805598487713,-0.7792203985846959,0.5977964248370159,-0.5139104021999523,1007
7.126447502960864,-0.5849113913471388,-0.2852599292446399,13.633071487960866,19.01179884135751,16.095820444197393,15.946295873805504,0.7194798949894997,-0.7169580074012011,5.009663185077285,54620
-0.4570453827012302,-0.4614747084469504,-0.2852599292446399,-0.386719970718361,-0.1751528625052786,-0.2720490512988063,-0.4105554104619461,-0.9154658798187136,-0.6094623619980764,-0.0977197633551481,871
2.183042394596152,2.4820154222498485,-0.2852599292446399,-0.0201583604235222,0.7551734805698106,1.5916520079493317,-0.1825727487564485,-0.0979929924146069,-0.2208242593867796,0.929185399881488,19699
-0.2764152484475327,0.0227768936999422,-0.2852599292446399,-0.2486642993086165,-0.1586869095304983,-0.2522023361648252,-0.4202054702166762,-0.6429749173506781,-0.2456309467875005,-0.4279579876559166,1930
0.4568638232093273,-0.0341938830232215,-0.1675515816939284,0.6320356734776845,0.7572317246916581,0.8204653627432057,1.079172564174507,2.3544256697977133,-0.5185045081954325,1.4222808306867452,7505
-0.5541553138125441,0.2506600005925976,-0.1675515816939284,0.1655027149206169,0.005972620217305,-0.1066597585156298,0.0454099129490491,-0.9154658798187136,-0.9071426108067292,-0.4958151570327869,300
-0.5460864128309918,-0.5849113913471388,-0.2264057554692841,-0.386719970718361,-0.2389584302825524,-0.4015252405062074,-0.3550675668722483,-0.7792203985846959,-0.5102356123951921,-0.5139104021999523,349
-0.2580124918229396,-0.5564260029855569,0.3856776517944152,-0.2629459204889349,-0.3212881951564542,-0.1661999039175733,-0.0438531397822039,-0.3704839548826426,-0.4275466543927885,0.4677566481187704,2038
-0.5030522742627128,-0.4614747084469504,0.2444276347335614,-0.2867486224561323,-0.2780650685976558,-0.3353695233929368,-0.2706295440183603,-0.3704839548826426,-0.5929245703975957,-0.446053232823082,601
-0.5111211752442651,-0.5849113913471388,-0.2852599292446399,-0.1010875471119931,-0.2204342331859246,-0.3325342783737966,-0.4346805598487713,0.8557253762235175,-0.5681178829968746,-0.4370056102394993,667
0.0058547262404555,-0.5849113913471388,-0.1675515816939284,-0.3010302436364507,-0.3109969745472165,-0.3854588520644131,-0.3369737048321294,-0.5067294361166603,2.7807849161004703,-0.3601008182790464,3585
-0.2788217627753641,-0.4899600968085323,-0.2852599292446399,-0.2962697032430112,-0.1895605713582114,-0.3136326449128622,-0.4177929552779937,-0.6429749173506781,0.0520493020211522,-0.3872436860297945,1916
-0.0492119839669805,0.8203677678242363,-0.2852599292446399,0.7320070217399133,0.5472908242632087,0.4518835102549836,0.8439523576529615,2.8994075947337845,-0.6590757367995186,0.5446614400792233,3655
0.1634106348802403,-0.129145177561828,0.3032818085089171,-0.3343540263905269,-0.2883562892068935,-0.1803761290132742,-0.0583282294142989,0.1744979700534286,0.5481830500355737,0.2370422722374116,5432
-0.5814763294167477,-0.4899600968085323,-0.2852599292446399,-0.3200724052102085,-0.3377541481312345,-0.4071957305444877,-0.3671301415656609,-0.7792203985846959,-0.7252269032014415,-0.4279579876559166,170
-0.2946764454057827,-0.2905623782774589,-0.2852599292446399,-0.2677064608823744,-0.1628033977741934,-0.2654334795874793,-0.3466237645868595,-0.0979929924146069,-0.2456309467875005,-0.4098627424887512,1823
0.0105261952297752,-0.4329893200853685,0.0325526091422809,-0.2010588953742219,-0.1298714918246327,0.1551278649183125,0.2661550298384992,-0.6429749173506781,-0.5185045081954325,1.227756945139717,3612
-0.0419924409834863,-0.5849113913471388,2.5397404119724336,4.073906377934419,1.310899393468647,1.7353044222524336,0.3324991906522684,-0.3704839548826426,-0.8327225486045662,0.9879949466747756,3981
-0.2672138701352362,-0.1101549186541067,-0.2852599292446399,-0.2391432185217376,-0.2492496508917902,-0.3221383799702826,-0.3816052311977559,-0.3704839548826426,0.1512760516240365,-0.5139104021999523,1984
0.0163301415498392,0.1272233176924093,-0.2264057554692841,-0.1915378145873429,-0.2430749185262475,-0.1917171090898349,-0.3381799623014707,-0.5067294361166603,0.0851248852221137,-0.1384340649812703,3646
-0.0676147405915735,0.1746989649617125,-0.2852599292446399,-0.0344399816038406,-0.2471914067699426,-0.2247949676464702,-0.1487975396148933,0.0382524888194108,0.2918472802281227,-0.3962913086133772,3800
-0.535044758856236,-0.5849113913471388,0.0678651134074943,-0.4343253746527557,-0.335695904009387,-0.4298776906976091,-0.3852240036057797,-0.7792203985846959,0.3166539676288437,-0.4822437231574128,498
3.216569518566564,0.8868336740012607,-0.1675515816939284,0.0750524474452671,0.4814270123640873,1.3430955279380434,1.843939799736864,5.351826256946105,0.2008894264254786,4.9870441286183285,27000
-0.3657393979099803,-0.5849113913471388,-0.0027598951229324,-0.3200724052102085,-0.2286672096733147,-0.2210146409542833,-0.3430049921788357,-0.2342384736486248,-0.4192777585925482,0.1601374802769587,1694
-0.1252295247931839,-0.1766208248311312,-0.1086974079185727,-0.253424839702056,-0.2348419420388574,-0.2862252763945072,-0.2296167900607575,-0.6429749173506781,0.3497295508298051,-0.4189103650723339,2952
-0.5416980631743581,-0.5849113913471388,-0.2852599292446399,-0.4343253746527557,-0.2204342331859246,-0.3882940970835533,-0.4346805598487713,-1.0517113610527316,-0.5681178829968746,-0.4596246666984561,374
-0.5630735727921546,0.1272233176924093,-0.2852599292446399,-0.1677351126201456,-0.1216385153372425,-0.1992777624742086,-0.2211729877753687,-0.6429749173506781,-0.8823359234060083,-0.4912913457409955,300
0.4667729998533389,4.485487737014444,0.209115130468348,4.302412316819513,2.3873610691949114,2.820258182910072,3.371061755922896,1.1282163386915531,-0.7913780696033643,0.6487090997904245,7575
-0.0390196879902828,0.1462135766001306,-0.049843234143217,0.0322075839043119,-0.2060265243329918,-0.1009892684773494,0.0056034164607876,0.0382524888194108,-0.253899842587741,-0.0479578391454433,3322
0.1300025536232868,0.0702525409692454,0.2679693042437037,-0.3676778091446032,-0.3068804863035214,-0.3136326449128622,-0.2561544543862652,-0.0979929924146069,1.7967863158718678,-0.5139104021999523,5196
-0.2422993688588641,-0.3855136728160653,0.8918235462624742,-0.4343253746527557,-0.2122012566985344,-0.1510785971488258,-0.0402343673741801,0.9919708574575352,-0.3283199047899042,0.1284708012344192,2566
-0.3180337903523815,-0.1101549186541067,-0.2852599292446399,-0.3676778091446032,-0.1751528625052786,-0.2777195413370867,-0.3852240036057797,-0.5067294361166603,-0.253899842587741,-0.1520054988566443,1686
3.2080759385859823,2.396559257165103,0.0678651134074943,0.8653021527562184,0.2303212294986872,0.587030189500665,0.6702512820678205,-0.3704839548826426,0.895476673645669,-0.4234341763641253,25054
-0.5855815597406953,0.2886405184080402,-0.2264057554692841,-0.0677637643579168,0.0018561319736099,-0.1170556569191437,-0.4346805598487713,0.1744979700534286,-0.9484870898079312,-0.4686722892820388,117
-0.5347616395235499,-0.5279406146239749,-0.2852599292446399,-0.3676778091446032,-0.047541726950731,-0.2247949676464702,-0.1114035580653143,-0.7792203985846959,-0.8079158612038451,-0.0434340278536519,500
1.171173899576222,1.646444030310112,-0.2852599292446399,-0.1867772741939035,0.2015058117928216,0.2666475023378258,-0.2199667303060274,-0.0979929924146069,0.3745362382305263,0.3682327996993608,12551
-0.5490591658241953,-0.3000575077313195,-0.2852599292446399,-0.4010015918986794,-0.2327836979170098,-0.3306441150277032,-0.3176735853226693,-0.7792203985846959,-0.7334957990016817,-0.3239103279447156,399
-0.4945586942821314,0.4500577191236711,-0.2852599292446399,0.0988551494124644,0.0985936057004444,0.0870819844589484,0.1889545518006588,-0.2342384736486248,-0.8575292360052872,-0.147481687564853,784
-0.2618346028142013,-0.1956110837388525,-0.049843234143217,-0.3200724052102085,-0.263657359744723,-0.3344244417198901,-0.2851046336504554,-0.3704839548826426,0.3414606550295648,-0.5139104021999523,2112
-0.5078653029183755,-0.5279406146239749,-0.2852599292446399,-0.3343540263905269,-0.3295211716438443,-0.3864039337374598,-0.4081428955232636,-0.7792203985846959,-0.3365888005901445,-0.3601008182790464,600
-0.5418396228407011,-0.5564260029855569,-0.2852599292446399,-0.1962983549807824,-0.3192299510346066,-0.3646670552573852,-0.3562738243415896,-0.9835886204357226,-0.6011934661978361,-0.3736722521544204,450
0.2155045920944728,1.0577460041707525,-0.2264057554692841,0.2797556843631641,0.6913679127925367,0.6947695002279914,0.9694031344644524,1.5369527823936064,-0.5846556745973553,0.992518757966567,5800
-0.2424409285252071,0.6114749198393021,-0.2264057554692841,0.2654740631828457,0.6563777627211286,0.5728539644049642,0.5158503259921395,-0.2342384736486248,-0.7831091738031238,0.7391853256262514,2565
-0.2679216684669513,-0.5849113913471388,0.0090109396321386,0.0369681242977513,-0.2595408715010279,-0.2503121728187317,-0.1668914016550121,-0.6429749173506781,-0.0885219265829339,-0.2560531585678454,2385
0.8663959379396933,-0.1576305659234099,-0.2264057554692841,1.0081183645594023,1.829576912174228,1.4933635139524726,1.3867682188565271,1.6731982636276244,-0.5598489871966342,2.4627574277987554,10398
-0.0199091330339747,-0.3760185433622047,-0.2852599292446399,-0.253424839702056,-0.2101430125766868,-0.2947310114519277,-0.264598256671654,0.1744979700534286,0.6474097996384581,-0.3736722521544204,3434
-0.4103306928080326,-0.1956110837388525,-0.2852599292446399,-0.3676778091446032,0.0265550614357804,-0.2427515194343579,-0.1367349649214807,-0.7792203985846959,-0.8327225486045662,-0.4596246666984561,400
-0.5330629235274337,-0.2051062131927131,-0.1675515816939284,-0.3010302436364507,-0.2780650685976558,-0.361831810238245,-0.2959609508745267,-0.9154658798187136,-0.7004202158007203,-0.4912913457409955,338
-0.2042198186125908,-0.5279406146239749,0.4209901560596286,-0.2343826781282981,-0.2945310215724361,-0.2928408481058343,-0.180160233817766,1.1282163386915531,0.3497295508298051,-0.1565293101484357,2835
-0.504184751593457,-0.4709698379008111,-0.2852599292446399,-0.386719970718361,-0.2760068244758082,-0.4015252405062074,-0.4081428955232636,-0.9154658798187136,-0.1794797803855778,-0.5139104021999523,594
-0.461575292024207,-0.0816695302925248,-0.1440099121837861,-0.3200724052102085,-0.0434252387070359,0.0001344705386499,-0.3803989737284147,-0.3704839548826426,-0.7996469654036047,0.5627566852463888,1017
-0.4709182300028465,-0.3285428960929015,0.4209901560596286,-0.253424839702056,-0.2615991156228754,-0.2928408481058343,-0.2211729877753687,-0.0979929924146069,-0.6011934661978361,-0.4596246666984561,789
-0.4959742909455616,-0.4899600968085323,-0.1086974079185727,-0.2581853800954954,-0.2739485803539607,-0.3608867285651983,-0.2392668498154876,-0.7792203985846959,-0.3613954879908656,-0.2153388569417232,774
-0.5149432862355268,-0.5564260029855569,-0.2852599292446399,-0.1629745722267061,-0.2554243832573328,-0.327808870008563,-0.2284105325914163,-0.9835886204357226,-0.5929245703975957,-0.2062912343581405,640
-0.5347616395235499,-0.233591601554295,-0.2852599292446399,-0.1582140318332667,-0.1772111066271262,-0.2427515194343579,-0.1632726292469884,-0.6429749173506781,-0.7913780696033643,-0.2922436489021762,500
-0.510979615577922,-0.0911646597463854,-0.2852599292446399,-0.4343253746527557,-0.1339879800683278,-0.2370810293960775,-0.147591282145552,0.1744979700534286,-0.7665713822026432,-0.1339102536894789,601
1.68475236906871,0.478543107485253,-0.2264057554692841,0.6796410774120791,0.3188257267381315,0.3394187911624235,0.4446811353010053,0.5832344137554819,0.6060653206372564,-0.2605769698596367,16179
-0.2592865288200269,-0.3000575077313195,-0.2852599292446399,-0.1010875471119931,-0.3068804863035214,-0.3287539516816097,-0.2670107716103365,-0.3704839548826426,0.482031883633651,-0.4189103650723339,2446
-0.5576943054711198,-0.5849113913471388,-0.2028640859591418,-0.4343253746527557,-0.3192299510346066,-0.4119211389097214,-0.4262367575633825,-0.7792203985846959,-0.4275466543927885,-0.3917674973215858,338
-0.3009050707248757,-0.4709698379008111,-0.2852599292446399,0.2321502804287694,-0.2266089655514672,-0.2758293779909933,-0.1439725097375283,0.0382524888194108,-0.2125553635865392,-0.3691484408626291,1786
-0.4522323540455674,-0.4329893200853685,-0.2852599292446399,-0.4010015918986794,-0.2780650685976558,-0.4119211389097214,-0.4346805598487713,-0.7792203985846959,0.482031883633651,-0.5139104021999523,899
2.0889052164780413,0.4405625896698105,0.0090109396321386,0.2892767651500431,0.4999512094607152,0.5851400261545716,0.7257391256575183,1.5369527823936064,0.2670405928274015,0.6939472127083379,16560
-0.5157926442335848,-0.5564260029855569,-0.2264057554692841,-0.2343826781282981,-0.3171717069127591,-0.3665572186034787,-0.3200861002613518,-0.6429749173506781,-0.5350422997959132,-0.3691484408626291,526
-0.5432552195041314,-0.499455226262393,-0.2852599292446399,-0.3676778091446032,-0.2945310215724361,-0.4071957305444877,-0.3779864587897322,-0.3704839548826426,-0.3200510089896638,-0.5139104021999523,440
-0.2962336017355559,-0.3190477666390408,-0.2852599292446399,-0.4343253746527557,-0.0907648535095294,-0.2588179078761522,-0.391255290952486,-0.2342384736486248,-0.1215975097838952,-0.1022435746469395,2185
